,type,properties.id,properties.name,properties.nlc_id,properties.lines,properties.cartography.labelX,properties.cartography.labelY,properties.cartography.display_name,properties.altmodeid,properties.altmodeid2,properties.alt_id,properties.zone,properties.footfall,geometry.type,geometry.coordinates
0,Feature,940GZZLUACT,Acton Town,0500,"[{'name': 'District'}, {'name': 'Piccadilly', 'nightopened': 2016}]",30,,,,,1,3,7.714285714285714,Point,"[-0.279916688851386, 51.50264359676248]"
1,Feature,940GZZLUACY,Archway,0508,"[{'name': 'Northern', 'nightopened': 2016}]",-30,,,,,8,2/3,9.142857142857142,Point,"[-0.134745288767581, 51.565370996797775]"
2,Feature,940GZZLUADE,Aldgate East,0503,"[{'name': 'District'}, {'name': 'Hammersmith & City'}]",30,,,,,3,1,9.714285714285714,Point,"[-0.071876588767481, 51.51514719676551]"
3,Feature,940GZZLUAGL,Angel,0507,"[{'name': 'Northern'}, {'name': 'Crossrail 2', 'opened': 2030}]",1,-35.0,,,,7,1,12.285714285714286,Point,"[-0.10612998877245, 51.53182149677656]"
4,Feature,940GZZLUALD,Aldgate,0502,"[{'name': 'Circle'}, {'name': 'Metropolitan'}]",25,20.0,,,,2,1,11.0,Point,"[-0.075715588769394, 51.51409639676498]"
5,Feature,940GZZLUALP,Alperton,0505,[{'name': 'Piccadilly'}],30,,,,,5,4,4.285714285714286,Point,"[-0.2994547888414, 51.54055479678616]"
6,Feature,940GZZLUAMS,Amersham,0506,[{'name': 'Metropolitan'}],-30,,,,,6,9,2.0,Point,"[-0.608468688901916, 51.674206696875174]"
7,Feature,940GZZLUASG,Arnos Grove,0509,"[{'name': 'Piccadilly', 'nightopened': 2016}]",30,,,,,9,4,5.714285714285714,Point,"[-0.133268788743383, 51.61647559682913]"
8,Feature,940GZZLUASL,Arsenal,0510,"[{'name': 'Piccadilly', 'nightopened': 2016}]",30,,,,,10,2,3.3333333333333335,Point,"[-0.108099325493406, 51.55782418669154]"
9,Feature,940GZZLUBBB,Bromley-by-Bow,0530,"[{'name': 'District'}, {'name': 'Hammersmith & City'}]",30,,,,,36,2/3,6.0,Point,"[-0.011585088740745, 51.52473659676975]"
10,Feature,940GZZLUBBN,Barbican,0501,"[{'name': 'Hammersmith & City'}, {'name': 'Circle'}, {'name': 'Metropolitan'}]",30,,,,,14,1,10.0,Point,"[-0.097792388774743, 51.520214996769255]"
11,Feature,940GZZLUBDS,Bounds Green,0527,"[{'name': 'Piccadilly', 'nightopened': 2016}]",30,,,,,31,3/4,10.666666666666666,Point,"[-0.124134488744299, 51.60706579682311]"
12,Feature,940GZZLUBEC,Becontree,0518,[{'name': 'District'}],25,20.0,,,,21,5,6.0,Point,"[0.127268911317215, 51.540323496774896]"
13,Feature,940GZZLUBKE,Barkingside,0515,"[{'name': 'Central', 'nightopened': 2016}]",30,,,,,16,4,2.142857142857143,Point,"[0.088580011324457, 51.58564969680374]"
14,Feature,940GZZLUBKF,Blackfriars,0521,"[{'name': 'District'}, {'name': 'Circle'}, {'name': 'National Rail'}]",-25,-20.0,,,,25,1,,Point,"[-0.103139988780659, 51.51177409676423]"
15,Feature,940GZZLUBKG,Barking,0514,"[{'name': 'District'}, {'name': 'Hammersmith & City'}]",30,,,,,15,4,32.714285714285715,Point,"[0.0812, 51.5395]"
16,Feature,940GZZLUBKH,Buckhurst Hill,0531,"[{'name': 'Central', 'nightopened': 2016}]",30,,,,,37,5,2.5714285714285716,Point,"[0.046796811328004, 51.62594579682972]"
17,Feature,940GZZLUBLG,Bethnal Green,0520,"[{'name': 'Central', 'nightopened': 2016}]",30,,,,,24,2,,Point,"[-0.055488488755668, 51.52747319677261]"
18,Feature,910GBTHNLGR,Bethnal Green,6961,"[{'name': 'London Overground', 'opened': 2015}]",30,,Bethnal Green,,,,2,,Point,"[-0.059428988758786, 51.52391029677053]"
19,Feature,940GZZLUBLM,Balham,0512,"[{'name': 'Northern', 'nightopened': 2016}]",30,,,,,12,3,,Point,"[-0.152987888831141, 51.44316439672359]"
20,Feature,940GZZLUBLR,Blackhorse Road,0522,"[{'name': 'Victoria', 'nightopened': 2016}]",1,-45.0,,,,26,3,14.333333333333334,Point,"[-0.0407, 51.587]"
21,Feature,940GZZLUBMY,Bermondsey,0787,"[{'name': 'Jubilee', 'nightopened': 2016}]",1,35.0,,,,23,2,12.0,Point,"[-0.063738188772592, 51.49772969675471]"
22,Feature,940GZZLUBND,Bond Street,0524,"[{'name': 'Central', 'nightopened': 2016}, {'name': 'Jubilee', 'nightopened': 2016}]",-25,-35.0,Bond Street,,,28,1,27.285714285714285,Point,"[-0.148986088796581, 51.514325396766864]"
23,Feature,940GZZLUBNK,Bank,0513,"[{'name': 'Central', 'nightopened': 2016}, {'name': 'Northern'}, {'name': 'Waterloo & City'}]",30,,,,,13,1,28.714285714285715,Point,"[-0.088989625035467, 51.51344958357864]"
24,Feature,940GZZLUBOR,Borough,0525,[{'name': 'Northern'}],30,,,,,29,1,6.666666666666667,Point,"[-0.093409988782017, 51.50109359675747]"
25,Feature,940GZZLUBOS,Boston Manor,0526,"[{'name': 'Piccadilly', 'nightopened': 2016}]",30,,,,,30,4,2.4285714285714284,Point,"[-0.324733388871653, 51.49574829675908]"
26,Feature,940GZZLUBSC,Barons Court,0516,"[{'name': 'District'}, {'name': 'Piccadilly', 'nightopened': 2016}]",-1,55.0,"Barons
Court",,,17,2,6.142857142857143,Point,"[-0.213748788832051, 51.490259896753564]"
27,Feature,940GZZLUBST,Baker Street,0511,"[{'name': 'Bakerloo'}, {'name': 'Hammersmith & City'}, {'name': 'Circle'}, {'name': 'Jubilee', 'nightopened': 2016}, {'name': 'Metropolitan'}]",1,35.0,,,,11,1,22.0,Point,"[-0.155511988795233, 51.52250079677203]"
28,Feature,940GZZLUBTK,Burnt Oak,0532,"[{'name': 'Northern', 'nightopened': 2016}]",30,,,,,38,4,6.428571428571429,Point,"[-0.263952188799229, 51.60284489682383]"
29,Feature,940GZZLUBTX,Brent Cross,0529,"[{'name': 'Northern', 'nightopened': 2016}]",30,,,,,34,3,2.7142857142857144,Point,"[-0.213553288792063, 51.5767001968066]"
30,Feature,940GZZLUBWR,Bow Road,0528,"[{'name': 'District'}, {'name': 'Hammersmith & City'}]",30,,,,,33,2,9.0,Point,"[-0.024841588744629, 51.52687259677142]"
31,Feature,940GZZLUBWT,Bayswater,0517,"[{'name': 'District'}, {'name': 'Circle'}]",-25,-20.0,,,,18,1,3.75,Point,"[-0.18783688881208, 51.5123329967665]"
32,Feature,940GZZLUBXN,Brixton,0778,"[{'name': 'Victoria', 'nightopened': 2016}]",25,20.0,,,,35,2,,Point,"[-0.11487200713231, 51.46260625608806]"
33,Feature,940GZZLUBZP,Belsize Park,0519,"[{'name': 'Northern', 'nightopened': 2016}]",30,,,,,22,2,6.428571428571429,Point,"[-0.16470418878582, 51.55027509678925]"
34,Feature,940GZZLUCAL,Chalfont & Latimer,0539,[{'name': 'Metropolitan'}],-1,50.0,"Chalfont
& Latimer",,,46,8,1.2857142857142858,Point,"[-0.560820488885604, 51.66804189687038]"
35,Feature,940GZZLUCAR,Caledonian Road,0534,"[{'name': 'Piccadilly', 'nightopened': 2016}]",20,20.0,"Caledonian
Road",,,39,2,7.5,Point,"[-0.118367188769332, 51.54837349678696]"
36,Feature,940GZZLUCFM,Chalk Farm,0540,"[{'name': 'Northern', 'nightopened': 2016}]",30,,,,,47,2,5.4,Point,"[-0.153469988784411, 51.54420179678525]"
37,Feature,940GZZLUCGN,Covent Garden,0553,"[{'name': 'Piccadilly', 'nightopened': 2016}]",25,-20.0,,,,60,1,11.0,Point,"[-0.124196088787904, 51.51305999676551]"
38,Feature,940GZZLUCGT,Canning Town,0884,"[{'name': 'Jubilee', 'nightopened': 2016}]",30,,,,,43,2/3,21.0,Point,"[0.008170711261506, 51.51403969676269]"
39,Feature,940GZZLUCHL,Chancery Lane,0541,"[{'name': 'Central', 'nightopened': 2016}]",30,,,,,48,1,18.0,Point,"[-0.112121388781055, 51.51811159676832]"
40,Feature,940GZZLUCHX,Charing Cross,0718,"[{'name': 'Bakerloo'}, {'name': 'Northern', 'nightopened': 2016}]",-1,35.0,,,,49,1,,Point,"[-0.127361788791746, 51.50733539676211]"
41,Feature,940GZZLUCKS,Cockfosters,0550,"[{'name': 'Piccadilly', 'nightopened': 2016}]",25,-20.0,,,,57,5,1.8571428571428572,Point,"[-0.149350288733234, 51.651605096851206]"
42,Feature,940GZZLUCND,Colindale,0551,"[{'name': 'Northern', 'nightopened': 2016}]",30,,,,,58,4,10.428571428571429,Point,"[-0.24978328879726, 51.59534909681889]"
43,Feature,940GZZLUCPC,Clapham Common,0547,"[{'name': 'Northern', 'nightopened': 2016}]",-30,,,,,54,2,9.142857142857142,Point,"[-0.137588488816646, 51.46198609673468]"
44,Feature,940GZZLUCPK,Canons Park,0537,"[{'name': 'Jubilee', 'nightopened': 2016}]",30,,,,,45,5,3.4285714285714284,Point,"[-0.294744288808776, 51.60775649682753]"
45,Feature,940GZZLUCPN,Clapham North,0548,"[{'name': 'Northern', 'nightopened': 2016}]",30,,,,,55,2,5.714285714285714,Point,"[-0.129898388812328, 51.46511779673645]"
46,Feature,940GZZLUCPS,Clapham South,0549,"[{'name': 'Northern', 'nightopened': 2016}]",30,,,,,56,2/3,9.4,Point,"[-0.147584288824662, 51.452762896729304]"
47,Feature,940GZZLUCSD,Colliers Wood,0552,"[{'name': 'Northern', 'nightopened': 2016}]",30,,,,,59,3,8.714285714285714,Point,"[-0.178090488852156, 51.418115096708874]"
48,Feature,940GZZLUCSM,Chesham,0543,[{'name': 'Metropolitan'}],30,,,,,50,9,1.2857142857142858,Point,"[-0.61092998888895, 51.705389596894854]"
49,Feature,940GZZLUCST,Cannon Street,0536,"[{'name': 'District'}, {'name': 'Circle'}]",-1,40.0,"Cannon
Street",,,44,1,,Point,"[-0.090323188776073, 51.511391296763705]"
50,Feature,940GZZLUCTN,Camden Town,0535,"[{'name': 'Northern', 'nightopened': 2016}]",30,,,,,40,2,14.0,Point,"[-0.142556588782758, 51.538940396781776]"
51,Feature,940GZZLUCWL,Chigwell,0544,[{'name': 'Central'}],30,,,,,51,4,0.7142857142857143,Point,"[0.074748211334469, 51.61782649682384]"
52,Feature,940GZZLUCWP,Chiswick Park,0545,[{'name': 'District'}],1,55.0,"Chiswick
Park",,,52,3,2.4285714285714284,Point,"[-0.268121488850621, 51.494579396757295]"
53,Feature,940GZZLUCWR,Canada Water,0788,"[{'name': 'Jubilee', 'nightopened': 2016}]",20,35.0,,,,41,2,14.571428571428571,Point,"[-0.0493, 51.498]"
54,Feature,940GZZLUCXY,Croxley,0554,[{'name': 'Metropolitan'}],-25,-20.0,,,,62,7,1.2857142857142858,Point,"[-0.441666888847873, 51.647149196855004]"
55,Feature,940GZZLUCYD,Chorleywood,0546,[{'name': 'Metropolitan'}],30,,,,,53,7,1.0,Point,"[-0.518355788874949, 51.65418089686091]"
56,Feature,940GZZLUCYF,Canary Wharf,0852,"[{'name': 'Jubilee', 'nightopened': 2016}]",30,,,,,42,2,,Point,"[-0.018611977529369, 51.50354062701804]"
57,Feature,940GZZDLCAN,Canary Wharf,0842,[{'name': 'DLR'}],-30,,,,,,2,,Point,"[-0.020897328555329, 51.505171856405184]"
58,Feature,910G950,Canary Wharf,,"[{'name': 'Crossrail', 'opened': 2018}]",30,,,,,,2,,Point,"[-0.017465870885524, 51.50628412783459]"
59,Feature,940GZZLUDBN,Debden,0557,[{'name': 'Central'}],30,,,,,68,6,3.142857142857143,Point,"[0.083573311350541, 51.64529289684032]"
60,Feature,940GZZLUDGE,Dagenham East,0555,[{'name': 'District'}],25,20.0,,,,66,5,5.0,Point,"[0.165641611332865, 51.54415999677582]"
61,Feature,940GZZLUDGY,Dagenham Heathway,0556,[{'name': 'District'}],25,20.0,,,,67,5,10.714285714285714,Point,"[0.147699911325228, 51.541672196774975]"
62,Feature,940GZZLUDOH,Dollis Hill,0558,"[{'name': 'Jubilee', 'nightopened': 2016}]",25,-20.0,,,,71,3,5.428571428571429,Point,"[-0.239229088813149, 51.55207969679201]"
63,Feature,940GZZLUEAC,Elephant & Castle,0570,"[{'name': 'Bakerloo'}, {'name': 'Northern'}, {'name': 'National Rail'}]",30,,,,,84,1/2,21.285714285714285,Point,"[-0.100544988787323, 51.49538329675418]"
64,Feature,940GZZLUEAE,Eastcote,0564,"[{'name': 'Metropolitan'}, {'name': 'Piccadilly'}]",-25,-20.0,,,,80,5,3.2857142857142856,Point,"[-0.397074988862522, 51.57660779681029]"
65,Feature,940GZZLUEAN,East Acton,0563,"[{'name': 'Central', 'nightopened': 2016}]",30,,,,,75,2,5.428571428571429,Point,"[-0.247572188832545, 51.51686919677056]"
66,Feature,940GZZLUEBY,Ealing Broadway,0560,"[{'name': 'Central', 'nightopened': 2016}, {'name': 'District'}]",-1,-55.0,"Ealing
Broadway",,,72,3,18.285714285714285,Point,"[-0.30154338885404, 51.5152]"
67,Feature,940GZZLUECM,Ealing Common,0561,"[{'name': 'District'}, {'name': 'Piccadilly'}]",30,,,,,73,3,3.5714285714285716,Point,"[-0.288181188851188, 51.50990669676708]"
68,Feature,940GZZLUECT,Earl's Court,0562,"[{'name': 'District'}, {'name': 'Piccadilly', 'nightopened': 2016}]",30,,,,,74,1/2,,Point,"[-0.194168088824117, 51.49148169675391]"
69,Feature,940GZZLUEFY,East Finchley,0565,"[{'name': 'Northern', 'nightopened': 2016}]",30,,,,,76,3,6.428571428571429,Point,"[-0.165218588768774, 51.58756629681215]"
70,Feature,940GZZLUEGW,Edgware,0568,"[{'name': 'Northern', 'nightopened': 2016}]",30,,,,,81,5,6.285714285714286,Point,"[-0.275503688798539, 51.613989296830965]"
71,Feature,940GZZLUEHM,East Ham,0566,"[{'name': 'District'}, {'name': 'Hammersmith & City'}]",30,,,,,77,3/4,21.571428571428573,Point,"[0.052011411289357, 51.5392428967767]"
72,Feature,940GZZLUEMB,Embankment,0542,"[{'name': 'Bakerloo'}, {'name': 'District'}, {'name': 'Circle'}, {'name': 'Northern', 'nightopened': 2016}]",25,20.0,,,,87,1,13.0,Point,"[-0.122576588790111, 51.50701399676181]"
73,Feature,940GZZLUEPG,Epping,0572,[{'name': 'Central'}],30,,,,,88,6,4.0,Point,"[0.114527911384721, 51.69417689686912]"
74,Feature,940GZZLUEPK,Elm Park,0571,[{'name': 'District'}],-30,,,,,85,6,4.857142857142857,Point,"[0.197463611346884, 51.54964269677793]"
75,Feature,940GZZLUEPY,East Putney,0567,[{'name': 'District'}],-30,,,,,79,2/3,6.0,Point,"[-0.211061788845485, 51.459069396734456]"
76,Feature,940GZZLUERB,Edgware Road,0774,[{'name': 'Bakerloo'}],-30,,Edgware Road,,,83,1,,Point,"[-0.170339088801731, 51.52048279677113]"
77,Feature,940GZZLUERC,Edgware Road,0569,"[{'name': 'District'}, {'name': 'Hammersmith & City'}, {'name': 'Circle'}]",25,20.0,,,,82,1,,Point,"[-0.168087788801234, 51.5197314967706]"
78,Feature,940GZZLUESQ,Euston Square,0575,"[{'name': 'Hammersmith & City'}, {'name': 'Circle'}, {'name': 'Metropolitan'}]",30,,,,,91,1,10.0,Point,"[-0.135533888786276, 51.52568399677351]"
79,Feature,940GZZLUEUS,Euston,0574,"[{'name': 'Northern', 'nightopened': 2016}, {'name': 'Victoria', 'nightopened': 2016}]",30,,,,,90,1,,Point,"[-0.134285634335371, 51.52843237909594]"
80,Feature,940GZZLUFBY,Fulham Broadway,0581,[{'name': 'District'}],-30,,,,,97,2,7.857142857142857,Point,"[-0.19528088882977, 51.48018419674701]"
81,Feature,940GZZLUFCN,Farringdon,0577,"[{'name': 'Hammersmith & City'}, {'name': 'Circle'}, {'name': 'Metropolitan'}]",-25,-20.0,,,,93,1,21.857142857142858,Point,"[-0.104665688777305, 51.52020699676942]"
82,Feature,940GZZLUFLP,Fairlop,0576,"[{'name': 'Central', 'nightopened': 2016}]",30,,,,,92,4,1.7142857142857142,Point,"[0.091113211330209, 51.59594924680992]"
83,Feature,940GZZLUFPK,Finsbury Park,0580,"[{'name': 'Piccadilly', 'nightopened': 2016}, {'name': 'Victoria', 'nightopened': 2016}, {'name': 'National Rail'}]",30,,"Finsbury
Park",,,96,2,,Point,"[-0.1063375688362, 51.56463857774401]"
84,Feature,940GZZLUFYC,Finchley Central,0578,"[{'name': 'Northern', 'nightopened': 2016}]",30,,,,,94,4,5.857142857142857,Point,"[-0.191944088772822, 51.60068319682085]"
85,Feature,940GZZLUFYR,Finchley Road,0579,"[{'name': 'Jubilee', 'nightopened': 2016}, {'name': 'Metropolitan'}]",30,,,,,95,2,10.428571428571429,Point,"[-0.18088378879325, 51.54737739678782]"
86,Feature,940GZZLUGBY,Gunnersbury,0591,"[{'name': 'District'}, {'name': 'London Overground', 'opened': 2007}]",-30,,,910GGNRSBRY,,109,3,5.428571428571429,Point,"[-0.275379788854744, 51.49161429675562]"
87,Feature,940GZZLUGDG,Goodge Street,0586,"[{'name': 'Northern', 'nightopened': 2016}]",-30,,,,,103,1,5.6,Point,"[-0.134358188788237, 51.520514996770316]"
88,Feature,940GZZLUGFD,Greenford,0589,"[{'name': 'Central'}, {'name': 'National Rail'}]",-25,20.0,,,,107,4,6.285714285714286,Point,"[-0.344816288858051, 51.54218769678803]"
89,Feature,940GZZLUGGH,Grange Hill,0587,[{'name': 'Central'}],30,,,,,104,4,0.7142857142857143,Point,"[0.092516111338766, 51.61312099682036]"
90,Feature,940GZZLUGGN,Golders Green,0584,"[{'name': 'Northern', 'nightopened': 2016}]",25,-20.0,,,,101,3,8.857142857142858,Point,"[-0.194086188786676, 51.572397296803494]"
91,Feature,940GZZLUGHK,Goldhawk Road,0585,"[{'name': 'Circle', 'opened': 2009}, {'name': 'Hammersmith & City'}]",-30,,"Goldhawk
Road",,,102,2,2.0,Point,"[-0.226673988831524, 51.501946696760996]"
92,Feature,940GZZLUGPK,Green Park,0590,"[{'name': 'Jubilee', 'nightopened': 2016}, {'name': 'Piccadilly', 'nightopened': 2016}, {'name': 'Victoria', 'nightopened': 2016}]",-30,,,,,106,1,26.857142857142858,Point,"[-0.143118596634923, 51.506557424159396]"
93,Feature,940GZZLUGPS,Great Portland Street,0588,"[{'name': 'Hammersmith & City'}, {'name': 'Circle'}, {'name': 'Metropolitan'}]",-30,,Great Portland St,,,105,1,10.75,Point,"[-0.143920888790271, 51.52383669677256]"
94,Feature,940GZZLUGTH,Gants Hill,0582,"[{'name': 'Central', 'nightopened': 2016}]",30,,,,,99,4,9.0,Point,"[0.066350611312106, 51.576608996798974]"
95,Feature,940GZZLUGTR,Gloucester Road,0583,"[{'name': 'District'}, {'name': 'Circle'}, {'name': 'Piccadilly', 'nightopened': 2016}]",1,-35.0,,,,100,1,12.2,Point,"[-0.183471788818729, 51.49443837116438]"
96,Feature,940GZZLUHAI,Highbury & Islington,0603,"[{'name': 'Victoria', 'nightopened': 2016}]",30,20.0,"Highbury &
Islington",,,124,2,18.857142857142858,Point,"[-0.10375, 51.547]"
97,Feature,940GZZLUHAW,Harrow & Wealdstone,0597,"[{'name': 'Bakerloo'}, {'name': 'London Overground', 'opened': 2007}, {'name': 'National Rail'}]",30,,,910GHROWDC,,115,5,6.857142857142857,Point,"[-0.335398788831483, 51.59232129681883]"
98,Feature,940GZZLUHBN,Holborn,0607,"[{'name': 'Central', 'nightopened': 2016}, {'name': 'Piccadilly', 'nightopened': 2016}]",25,20.0,,,,127,1,20.857142857142858,Point,"[-0.1201771183767, 51.51761503507551]"
99,Feature,940GZZLUHBT,High Barnet,0602,"[{'name': 'Northern', 'nightopened': 2016}]",30,,,,,122,5,4.285714285714286,Point,"[-0.194815888750782, 51.65093239685195]"
100,Feature,940GZZLUHCH,Hornchurch,0610,[{'name': 'District'}],-30,,,,,130,6,3.142857142857143,Point,"[0.218541611356492, 51.55400509677974]"
101,Feature,940GZZLUHCL,Hendon Central,0601,"[{'name': 'Northern', 'nightopened': 2016}]",30,,,,,120,3/4,7.857142857142857,Point,"[-0.226098688793861, 51.58313289681083]"
102,Feature,940GZZLUHGD,Hillingdon,0606,"[{'name': 'Metropolitan'}, {'name': 'Piccadilly'}]",1,40.0,,,,126,6,2.0,Point,"[-0.450198388893623, 51.5537254967971]"
103,Feature,940GZZLUHGR,Hanger Lane,0595,[{'name': 'Central'}],-25,20.0,,,,113,3,4.714285714285714,Point,"[-0.293286888843756, 51.530297696779726]"
104,Feature,940GZZLUHGT,Highgate,0604,"[{'name': 'Northern', 'nightopened': 2016}]",30,,,,,125,3,4.857142857142857,Point,"[-0.145781988766043, 51.57764459680558]"
105,Feature,940GZZLUHLT,Hainault,0592,"[{'name': 'Central', 'nightopened': 2016}]",30,,,,,110,4,5.571428571428571,Point,"[0.093471811334706, 51.60370949681459]"
106,Feature,940GZZLUHNX,Hatton Cross,0779,"[{'name': 'Piccadilly', 'nightopened': 2016}]",20,35.0,"Hatton
Cross",,,117,5/6,4.285714285714286,Point,"[-0.423116488922792, 51.46672059674292]"
107,Feature,940GZZLUHOH,Harrow-on-the-Hill,0598,[{'name': 'Metropolitan'}],-1,35.0,,,,116,5,14.285714285714286,Point,"[-0.336304688837816, 51.57923769681077]"
108,Feature,940GZZLUHPC,Hyde Park Corner,0614,"[{'name': 'Piccadilly', 'nightopened': 2016}]",-25,-20.0,,,,134,1,4.5,Point,"[-0.15255738880319, 51.502960776760006]"
109,Feature,940GZZLUHPK,Holland Park,0608,"[{'name': 'Central', 'nightopened': 2016}]",25,40.0,"Holland
Park",,,128,2,4.5,Point,"[-0.205642088821125, 51.5072765967638]"
110,Feature,940GZZLUHR4,Heathrow Terminal 4,0781,"[{'name': 'Piccadilly'}, {'name': 'Crossrail', 'opened': 2018}, {'name': 'National Rail'}]",30,40.0,"Heathrow
Terminal 4",,,118,6,,Point,"[-0.445434588935117, 51.45865899673831]"
111,Feature,940GZZLUHR5,Heathrow Terminal 5,0783,"[{'name': 'Piccadilly', 'opened': 2008, 'nightopened': 2016}, {'name': 'Crossrail', 'opened': 2019}, {'name': 'National Rail'}]",-30,,,,,306,6,,Point,"[-0.490104288946148, 51.4725476967476]"
112,Feature,940GZZLUHRC,Heathrow Terminals 2 & 3,0780,"[{'name': 'Piccadilly', 'nightopened': 2016}, {'name': 'Crossrail', 'opened': 2018}, {'name': 'National Rail'}]",-1,-50.0,,,,119,6,,Point,"[-0.455001288932504, 51.47250479674698]"
113,Feature,940GZZLUHSC,Hammersmith,0773,"[{'name': 'Circle', 'opened': 2009}, {'name': 'Hammersmith & City'}]",30,,Hammersmith,,,304,2,,Point,"[-0.225082866974178, 51.49409630285559]"
114,Feature,940GZZLUHSD,Hammersmith,0593,"[{'name': 'District'}, {'name': 'Piccadilly', 'nightopened': 2016}]",-25,20.0,,,,111,2,,Point,"[-0.223330888834803, 51.492122496754895]"
115,Feature,940GZZLUHSK,High Street Kensington,0605,"[{'name': 'District'}, {'name': 'Circle'}]",30,,,,,123,1,8.428571428571429,Point,"[-0.19265998881917, 51.500941096759654]"
116,Feature,940GZZLUHSN,Harlesden,0596,"[{'name': 'Bakerloo'}, {'name': 'London Overground', 'opened': 2007}]",30,,,910GHARLSDN,,114,3,4.857142857142857,Point,"[-0.257953688827499, 51.53636999678273]"
117,Feature,940GZZLUHTD,Hampstead,0594,"[{'name': 'Northern', 'nightopened': 2016}]",-30,,,,,112,2/3,7.0,Point,"[-0.178195688788069, 51.55639419679331]"
118,Feature,940GZZLUHWC,Hounslow Central,0611,"[{'name': 'Piccadilly', 'nightopened': 2016}]",-1,50.0,"Hounslow
Central",,,131,4,4.857142857142857,Point,"[-0.366413088898848, 51.47130609674479]"
119,Feature,940GZZLUHWE,Hounslow East,0612,"[{'name': 'Piccadilly', 'nightopened': 2016}]",30,,,,,132,4,5.571428571428571,Point,"[-0.356313088894091, 51.47322839674579]"
120,Feature,940GZZLUHWT,Hounslow West,0613,"[{'name': 'Piccadilly', 'nightopened': 2016}]",-1,45.0,"Hounslow
West",,,133,5,4.714285714285714,Point,"[-0.386447088905531, 51.473525396746496]"
121,Feature,940GZZLUHWY,Holloway Road,0609,"[{'name': 'Piccadilly', 'nightopened': 2016}]",-20,-20.0,"Holloway
Road",,,129,2,5.571428571428571,Point,"[-0.113008688765306, 51.55273029678952]"
122,Feature,940GZZLUICK,Ickenham,0615,"[{'name': 'Metropolitan'}, {'name': 'Piccadilly'}]",-30,,,,,135,6,1.1428571428571428,Point,"[-0.442056088886695, 51.56197239680205]"
123,Feature,940GZZLUKBN,Kilburn,0622,"[{'name': 'Jubilee', 'nightopened': 2016}]",-25,20.0,,,,143,2,9.142857142857142,Point,"[-0.205286188802622, 51.54702469678818]"
124,Feature,940GZZLUKBY,Kingsbury,0624,"[{'name': 'Jubilee', 'nightopened': 2016}]",30,,,,,146,4,7.142857142857143,Point,"[-0.278622488813158, 51.58471649681295]"
125,Feature,940GZZLUKEN,Kenton,0620,"[{'name': 'Bakerloo'}, {'name': 'London Overground', 'opened': 2007}]",30,,,910GKTON,,141,4,3.142857142857143,Point,"[-0.31661998882919, 51.581530496811766]"
126,Feature,940GZZLUKNB,Knightsbridge,0626,"[{'name': 'Piccadilly', 'nightopened': 2016}]",25,20.0,,,,147,1,12.714285714285714,Point,"[-0.160591588806826, 51.50160569675937]"
127,Feature,940GZZLUKNG,Kennington,0616,"[{'name': 'Northern', 'nightopened': 2016}]",30,,,,,137,2,6.0,Point,"[-0.105552802415015, 51.48881798603356]"
128,Feature,940GZZLUKOY,Kensington (Olympia),0618,"[{'name': 'District'}, {'name': 'London Overground', 'opened': 2007}, {'name': 'National Rail'}]",30,,"Kensington
(Olympia)",910GKENOLYM,,139,2,,Point,"[-0.20959268869726, 51.497533785323746]"
129,Feature,940GZZLUKPK,Kilburn Park,0623,[{'name': 'Bakerloo'}],30,,,,,144,2,3.2857142857142856,Point,"[-0.194133888803895, 51.535154496780635]"
130,Feature,940GZZLUKSH,Kentish Town,0619,"[{'name': 'Northern', 'nightopened': 2016}]",30,,"Kentish
Town",,,140,2,7.285714285714286,Point,"[-0.14074017695061, 51.55031033576835]"
131,Feature,940GZZLUKSL,Kensal Green,0617,"[{'name': 'Bakerloo'}, {'name': 'London Overground', 'opened': 2007}]",25,20.0,,910GKENSLG,,138,2,2.5714285714285716,Point,"[-0.224595888817518, 51.53057299677848]"
132,Feature,940GZZLUKSX,King's Cross St. Pancras,0625,"[{'name': 'Hammersmith & City'}, {'name': 'Circle'}, {'name': 'Metropolitan'}, {'name': 'Northern'}, {'name': 'Piccadilly', 'nightopened': 2016}, {'name': 'Victoria', 'nightopened': 2016}]",25,40.0,"King's Cross
St. Pancras",,,145,1,,Point,"[-0.122943588779288, 51.53060479677622]"
133,Feature,940GZZLUKWG,Kew Gardens,0621,"[{'name': 'District'}, {'name': 'London Overground', 'opened': 2007}]",-30,,,910GKEWGRDN,,142,3/4,3.5714285714285716,Point,"[-0.285013088865105, 51.47707729674689]"
134,Feature,940GZZLULAD,Ladbroke Grove,0627,"[{'name': 'Circle', 'opened': 2009}, {'name': 'Hammersmith & City'}]",30,,"Ladbroke
Grove",,,148,2,5.428571428571429,Point,"[-0.210942188818503, 51.517268096770046]"
135,Feature,940GZZLULBN,Lambeth North,0628,[{'name': 'Bakerloo'}],-1,45.0,"Lambeth
North",,,149,1,3.0,Point,"[-0.112287488790059, 51.49888639675661]"
136,Feature,940GZZLULGN,Loughton,0636,"[{'name': 'Central', 'nightopened': 2016}]",-30,,,,,159,6,4.0,Point,"[0.055254911338309, 51.64136059683887]"
137,Feature,940GZZLULGT,Lancaster Gate,0629,"[{'name': 'Central', 'nightopened': 2016}]",25,20.0,,,,150,1,4.333333333333333,Point,"[-0.175144888807525, 51.51187129676595]"
138,Feature,940GZZLULNB,London Bridge,0635,"[{'name': 'Jubilee', 'nightopened': 2016}, {'name': 'Northern'}, {'name': 'National Rail'}]",30,,,,,158,1,,Point,"[-0.089634981532614, 51.50502022478704]"
139,Feature,940GZZLULRD,Latimer Road,0630,"[{'name': 'Circle', 'opened': 2009}, {'name': 'Hammersmith & City'}]",30,,"Latimer
Road",,,151,2,2.4285714285714284,Point,"[-0.217909488822923, 51.513396696767806]"
140,Feature,940GZZLULSQ,Leicester Square,0631,"[{'name': 'Northern', 'nightopened': 2016}, {'name': 'Piccadilly', 'nightopened': 2016}]",30,,,,,152,1,16.571428571428573,Point,"[-0.128489593621119, 51.51122271692724]"
141,Feature,940GZZLULVT,Liverpool Street,0634,"[{'name': 'Central', 'nightopened': 2016}, {'name': 'Hammersmith & City'}, {'name': 'Circle'}, {'name': 'Metropolitan'}]",1,45.0,,,,157,1,,Point,"[-0.083213014052731, 51.51730003193537]"
142,Feature,940GZZLULYN,Leyton,0632,"[{'name': 'Central', 'nightopened': 2016}]",30,,,,,154,3,16.714285714285715,Point,"[-0.00540718872357, 51.556631296788986]"
143,Feature,940GZZLULYS,Leytonstone,0633,"[{'name': 'Central', 'nightopened': 2016}]",30,,,,,155,3/4,13.428571428571429,Point,"[0.008402611287096, 51.56858139679588]"
144,Feature,940GZZLUMBA,Marble Arch,0640,"[{'name': 'Central', 'nightopened': 2016}]",-1,-45.0,,,,163,1,10.142857142857142,Point,"[-0.15783558880026, 51.513539796766594]"
145,Feature,940GZZLUMDN,Morden,0647,"[{'name': 'Northern', 'nightopened': 2016}]",-30,,,,,170,4,12.857142857142858,Point,"[-0.194733688865706, 51.402345496699596]"
146,Feature,940GZZLUMED,Mile End,0642,"[{'name': 'Central', 'nightopened': 2016}, {'name': 'District'}, {'name': 'Hammersmith & City'}]",30,,,,,165,2,16.285714285714285,Point,"[-0.03344488874851, 51.52535630677074]"
147,Feature,940GZZLUMGT,Moorgate,0645,"[{'name': 'Hammersmith & City'}, {'name': 'Circle'}, {'name': 'Metropolitan'}, {'name': 'Northern'}, {'name': 'National Rail'}]",25,-20.0,,,,169,1,18.285714285714285,Point,"[-0.088290110886707, 51.518119775424225]"
148,Feature,940GZZLUMHL,Mill Hill East,0643,[{'name': 'Northern'}],30,,,,,166,4,1.2857142857142858,Point,"[-0.210150588776241, 51.608249996825954]"
149,Feature,940GZZLUMMT,Monument,0644,"[{'name': 'District'}, {'name': 'Circle'}]",30,,,,,,1,10.0,Point,"[-0.0861, 51.51065]"
150,Feature,940GZZLUMPK,Moor Park,0646,[{'name': 'Metropolitan'}],30,,,,,168,6/7,1.0,Point,"[-0.432234388852053, 51.629774096844024]"
151,Feature,940GZZLUMRH,Manor House,0638,"[{'name': 'Piccadilly', 'nightopened': 2016}]",30,,"Manor
House",,,161,2/3,13.666666666666666,Point,"[-0.096185685578747, 51.570490776389185]"
152,Feature,940GZZLUMSH,Mansion House,0639,"[{'name': 'District'}, {'name': 'Circle'}]",-25,20.0,"Mansion
House",,,162,1,5.6,Point,"[-0.093754088777106, 51.51191049676408]"
153,Feature,940GZZLUMTC,Mornington Crescent,0648,"[{'name': 'Northern', 'nightopened': 2016}]",30,,"Mornington
Crescent",,,171,2,4.2,Point,"[-0.138539288783378, 51.534357896778886]"
154,Feature,940GZZLUMVL,Maida Vale,0637,[{'name': 'Bakerloo'}],30,,,,,160,2,3.142857142857143,Point,"[-0.18577458880322, 51.52980249677718]"
155,Feature,940GZZLUMYB,Marylebone,0641,"[{'name': 'Bakerloo'}, {'name': 'National Rail'}]",-30,,,,,164,1,,Point,"[-0.163221588798229, 51.52227599677205]"
156,Feature,940GZZLUNAN,North Acton,0653,"[{'name': 'Central', 'nightopened': 2016}]",30,,,,,177,2/3,7.285714285714286,Point,"[-0.259713615198747, 51.523604742211035]"
157,Feature,940GZZLUNBP,Newbury Park,0650,"[{'name': 'Central', 'nightopened': 2016}]",30,,,,,176,4,7.428571428571429,Point,"[0.089947311320243, 51.575597996797576]"
158,Feature,940GZZLUNDN,Neasden,0649,"[{'name': 'Jubilee', 'nightopened': 2016}]",25,-20.0,,,,173,3,5.0,Point,"[-0.249963088816267, 51.554168196793526]"
159,Feature,940GZZLUNEN,North Ealing,0654,[{'name': 'Piccadilly'}],-1,-50.0,"North
Ealing",,,178,3,0.8571428571428571,Point,"[-0.28853558884774, 51.51769459677186]"
160,Feature,940GZZLUNFD,Northfields,0655,"[{'name': 'Piccadilly', 'nightopened': 2016}]",-25,-20.0,,,,182,3,4.142857142857143,Point,"[-0.313162346408212, 51.499603589322795]"
161,Feature,940GZZLUNGW,North Greenwich,0789,"[{'name': 'Jubilee', 'nightopened': 2016}]",-1,-45.0,North Greenwich,,,179,2/3,22.142857142857142,Point,"[0.003884811253405, 51.50009359675434]"
162,Feature,940GZZLUNHA,North Harrow,0656,[{'name': 'Metropolitan'}],30,,,,,180,5,2.2857142857142856,Point,"[-0.36279748884541, 51.58499959681483]"
163,Feature,940GZZLUNHG,Notting Hill Gate,0663,"[{'name': 'Central', 'nightopened': 2016}, {'name': 'District'}, {'name': 'Circle'}]",25,40.0,"Notting Hill
Gate",,,187,1/2,12.857142857142858,Point,"[-0.196094673572198, 51.509199775306286]"
164,Feature,940GZZLUNHT,Northolt,0657,[{'name': 'Central'}],-25,20.0,,,,183,5,7.285714285714286,Point,"[-0.36907098886456, 51.54839089679233]"
165,Feature,940GZZLUNKP,Northwick Park,0660,[{'name': 'Metropolitan'}],30,,,,,184,4,5.428571428571429,Point,"[-0.317777088831029, 51.57848819680991]"
166,Feature,940GZZLUNOW,Northwood,0661,[{'name': 'Metropolitan'}],30,,,,,185,6,3.4285714285714284,Point,"[-0.423729388857348, 51.61078549683203]"
167,Feature,940GZZLUNWH,Northwood Hills,0662,[{'name': 'Metropolitan'}],30,,,,,186,6,2.4285714285714284,Point,"[-0.408962788856327, 51.60036489682526]"
168,Feature,940GZZLUNWY,North Wembley,0659,"[{'name': 'Bakerloo'}, {'name': 'London Overground', 'opened': 2007}]",30,,,910GNWEMBLY,,181,4,2.2857142857142856,Point,"[-0.303874788833062, 51.56240589679972]"
169,Feature,940GZZLUOAK,Oakwood,0664,"[{'name': 'Piccadilly', 'nightopened': 2016}]",30,,,,,188,5,2.857142857142857,Point,"[-0.131485188728441, 51.64737669684811]"
170,Feature,940GZZLUODS,Old Street,0665,"[{'name': 'Northern'}, {'name': 'National Rail'}]",25,-20.0,,,,189,1,17.0,Point,"[-0.087541788768414, 51.52562839677231]"
171,Feature,940GZZLUOSY,Osterley,0667,"[{'name': 'Piccadilly', 'nightopened': 2016}]",30,,,,,190,4,2.2857142857142856,Point,"[-0.352296488888926, 51.48112409675058]"
172,Feature,940GZZLUOVL,Oval,0668,"[{'name': 'Northern', 'nightopened': 2016}]",30,,,,,191,2,6.833333333333333,Point,"[-0.112368488798028, 51.4818290967462]"
173,Feature,940GZZLUOXC,Oxford Circus,0669,"[{'name': 'Bakerloo'}, {'name': 'Central', 'nightopened': 2016}, {'name': 'Victoria', 'nightopened': 2016}]",25,20.0,,,,192,1,48.857142857142854,Point,"[-0.142080210790202, 51.515307857031786]"
174,Feature,940GZZLUPAC,Paddington (Praed St),0670,"[{'name': 'Bakerloo'}, {'name': 'District'}, {'name': 'Circle'}]",30,,Paddington,,,,1,,Point,"[-0.174490688950375, 51.51595475691563]"
175,Feature,940GZZLUPAH,Paddington,3087,"[{'name': 'Hammersmith & City'}, {'name': 'Circle', 'opened': 2009}]",1,-30.0,Paddington,,,193,1,,Point,"[-0.1767, 51.5175]"
176,Feature,940GZZLUPCC,Piccadilly Circus,0674,"[{'name': 'Bakerloo'}, {'name': 'Piccadilly', 'nightopened': 2016}]",-30,,,,,197,1,17.0,Point,"[-0.133441888792795, 51.509958796763854]"
177,Feature,940GZZLUPCO,Pimlico,0776,"[{'name': 'Victoria', 'nightopened': 2016}]",30,,,,,198,1,12.25,Point,"[-0.132954188802404, 51.48889069675099]"
178,Feature,940GZZLUPKR,Park Royal,0671,[{'name': 'Piccadilly'}],-30,,,,,194,3,2.5714285714285716,Point,"[-0.283955288841933, 51.52652279677722]"
179,Feature,940GZZLUPLW,Plaistow,0676,"[{'name': 'District'}, {'name': 'Hammersmith & City'}]",30,,,,,200,3,8.857142857142858,Point,"[0.0165714112726, 51.53115739677286]"
180,Feature,940GZZLUPNR,Pinner,0675,[{'name': 'Metropolitan'}],30,,,,,199,5,3.142857142857143,Point,"[-0.380809788848867, 51.59271359681997]"
181,Feature,940GZZLUPRD,Preston Road,0677,[{'name': 'Metropolitan'}],30,,,,,202,4,4.571428571428571,Point,"[-0.295144488825284, 51.5720741968055]"
182,Feature,940GZZLUPSG,Parsons Green,0672,[{'name': 'District'}],-30,,,,,195,2,6.0,Point,"[-0.201087188834214, 51.475302496744156]"
183,Feature,940GZZLUPVL,Perivale,0673,[{'name': 'Central'}],-25,20.0,,,,196,4,3.5714285714285716,Point,"[-0.32357978885239, 51.53673969678427]"
184,Feature,940GZZLUPYB,Putney Bridge,0678,[{'name': 'District'}],-30,,,,,205,2,5.285714285714286,Point,"[-0.208817488840343, 51.46834499674007]"
185,Feature,940GZZLUQBY,Queensbury,0679,"[{'name': 'Jubilee', 'nightopened': 2016}]",30,,,,,207,4,6.285714285714286,Point,"[-0.286185488811717, 51.59417269681894]"
186,Feature,940GZZLUQPS,Queen's Park,0680,"[{'name': 'Bakerloo'}, {'name': 'London Overground', 'opened': 2007}]",1,45.0,"Queen's
Park",910GQPRK,,206,2,,Point,"[-0.205505588808722, 51.53399279678017]"
187,Feature,940GZZLUQWY,Queensway,0681,"[{'name': 'Central', 'nightopened': 2016}]",25,20.0,,,,208,1,7.5,Point,"[-0.187229788812701, 51.51050039676537]"
188,Feature,940GZZLURBG,Redbridge,0684,"[{'name': 'Central', 'nightopened': 2016}]",25,20.0,,,,211,4,4.4,Point,"[0.045411011304326, 51.57636279679949]"
189,Feature,940GZZLURGP,Regent's Park,0685,[{'name': 'Bakerloo'}],25,20.0,,,,212,1,,Point,"[-0.146499588791418, 51.52344719677241]"
190,Feature,940GZZLURKW,Rickmansworth,0687,[{'name': 'Metropolitan'}],-25,20.0,,,,214,7,2.857142857142857,Point,"[-0.473582488863576, 51.6401814968513]"
191,Feature,940GZZLURMD,Richmond,0686,"[{'name': 'District'}, {'name': 'London Overground', 'opened': 2007}]",-30,,,910GRICHMND,,213,4,11.857142857142858,Point,"[-0.30118438887759, 51.46333129673877]"
192,Feature,940GZZLURSG,Ruislip Gardens,0692,[{'name': 'Central'}],-25,20.0,,,,221,5,1.1428571428571428,Point,"[-0.410594588875005, 51.560740896800745]"
193,Feature,940GZZLURSM,Ruislip Manor,0693,"[{'name': 'Metropolitan'}, {'name': 'Piccadilly'}]",-25,-20.0,,,,222,6,2.4285714285714284,Point,"[-0.412388088869976, 51.57330739680855]"
194,Feature,940GZZLURSP,Ruislip,0691,"[{'name': 'Metropolitan'}, {'name': 'Piccadilly'}]",25,20.0,,,,220,6,2.2857142857142856,Point,"[-0.421628045003454, 51.57137274760845]"
195,Feature,940GZZLURSQ,Russell Square,0694,"[{'name': 'Piccadilly', 'nightopened': 2016}]",30,,,,,223,1,6.857142857142857,Point,"[-0.124203388783222, 51.523145296771695]"
196,Feature,940GZZLURVP,Ravenscourt Park,0682,[{'name': 'District'}],1,-45.0,,,,209,2,2.857142857142857,Point,"[-0.23579748883859, 51.494116696756386]"
197,Feature,940GZZLURVY,Roding Valley,0688,[{'name': 'Central'}],30,,,,,215,4,0.14285714285714285,Point,"[0.043879811322804, 51.61710569682442]"
198,Feature,940GZZLURYL,Rayners Lane,0683,"[{'name': 'Metropolitan'}, {'name': 'Piccadilly'}]",-25,20.0,,,,210,5,5.428571428571429,Point,"[-0.371281388853172, 51.57518819680894]"
199,Feature,940GZZLURYO,Royal Oak,0690,"[{'name': 'Circle', 'opened': 2009}, {'name': 'Hammersmith & City'}]",30,,,,,218,2,2.7142857142857144,Point,"[-0.187989018355539, 51.5190627502923]"
200,Feature,940GZZLUSBC,Shepherd's Bush,0700,"[{'name': 'Central', 'nightopened': 2016}]",25,40.0,"Shepherd's
Bush",,,226,2,,Point,"[-0.218, 51.50445]"
201,Feature,910GSHPDSB,Shepherd's Bush (Rail),9587,"[{'name': 'London Overground', 'opened': 2007}, {'name': 'National Rail'}]",25,40.0,"Shepherd's
Bush",,,SPB,2,,Point,"[-0.2175, 51.50513]"
202,Feature,940GZZLUSBM,Shepherd's Bush Market,0775,"[{'name': 'Circle', 'opened': 2009}, {'name': 'Hammersmith & City'}]",-30,,,,,227,2,,Point,"[-0.226383088829636, 51.505796496763324]"
203,Feature,940GZZLUSDH,Shoreditch,0701,"[{'name': 'East London', 'closed': 2005}]",30,,,,,228,2,,Point,"[-0.071059988763706, 51.52259999677003]"
204,Feature,940GZZLUSEA,South Ealing,0704,"[{'name': 'Piccadilly', 'nightopened': 2016}]",30,,,,,231,3,3.7142857142857144,Point,"[-0.307100976576217, 51.5010291321829]"
205,Feature,940GZZLUSFB,Stamford Brook,0713,[{'name': 'District'}],-1,55.0,"Stamford
Brook",,,245,2,2.5714285714285716,Point,"[-0.245834688842007, 51.494938196757055]"
206,Feature,940GZZLUSFS,Southfields,0705,[{'name': 'District'}],-30,,,,,239,3,6.428571428571429,Point,"[-0.206705607801152, 51.44552528896166]"
207,Feature,940GZZLUSGN,Stepney Green,0715,"[{'name': 'District'}, {'name': 'Hammersmith & City'}]",30,,,,,247,2,7.0,Point,"[-0.046728188755114, 51.52171459676888]"
208,Feature,940GZZLUSGP,Stonebridge Park,0717,"[{'name': 'Bakerloo'}, {'name': 'London Overground', 'opened': 2007}]",30,,,910GSTNBGPK,,249,3,3.857142857142857,Point,"[-0.2757003888308, 51.54388119678773]"
209,Feature,940GZZLUSGT,Southgate,0706,"[{'name': 'Piccadilly', 'nightopened': 2016}]",30,,,,,240,4,5.857142857142857,Point,"[-0.127810688734001, 51.63233359683876]"
210,Feature,940GZZLUSHH,South Harrow,0707,[{'name': 'Piccadilly'}],30,,,,,232,5,3.2857142857142856,Point,"[-0.352209788850613, 51.56466209680205]"
211,Feature,940GZZLUSJP,St. James's Park,0695,"[{'name': 'District'}, {'name': 'Circle'}]",25,20.0,,,,242,1,,Point,"[-0.133535688797638, 51.49961199675753]"
212,Feature,940GZZLUSJW,St. John's Wood,0696,"[{'name': 'Jubilee', 'nightopened': 2016}]",30,,,,,243,2,,Point,"[-0.174052188796482, 51.53483099678]"
213,Feature,940GZZLUSKS,South Kensington,0708,"[{'name': 'District'}, {'name': 'Circle'}, {'name': 'Piccadilly', 'nightopened': 2016}]",1,50.0,"South
Kensington",,,233,1,19.571428571428573,Point,"[-0.172900093155076, 51.49403710103854]"
214,Feature,940GZZLUSKT,South Kenton,0709,"[{'name': 'Bakerloo'}, {'name': 'London Overground', 'opened': 2007}]",-30,,,910GSKENTON,,234,4,1.2857142857142858,Point,"[-0.3083997888312, 51.57025409680464]"
215,Feature,940GZZLUSKW,Stockwell,0716,"[{'name': 'Northern', 'nightopened': 2016}, {'name': 'Victoria', 'nightopened': 2016}]",30,,,,,248,2,12.285714285714286,Point,"[-0.122501888806288, 51.47217989674057]"
216,Feature,940GZZLUSNB,Snaresbrook,0703,"[{'name': 'Central', 'nightopened': 2016}]",30,,,,,230,4,2.5714285714285716,Point,"[0.021513611297592, 51.5807299968029]"
217,Feature,940GZZLUSPU,St. Paul's,0697,"[{'name': 'Central', 'nightopened': 2016}]",-30,,,,,244,1,,Point,"[-0.097481965278037, 51.514924829000975]"
218,Feature,940GZZLUSRP,South Ruislip,0710,"[{'name': 'Central'}, {'name': 'National Rail'}]",-25,20.0,,,,236,5,2.4285714285714284,Point,"[-0.399288388872306, 51.55703469679823]"
219,Feature,940GZZLUSSQ,Sloane Square,0702,"[{'name': 'District'}, {'name': 'Circle'}]",1,50.0,"Sloane
Square",,,229,1,13.428571428571429,Point,"[-0.1565261888096, 51.49234839675363]"
220,Feature,940GZZLUSTD,Stratford,0719,"[{'name': 'Central', 'nightopened': 2016}, {'name': 'Jubilee', 'nightopened': 2016}]",30,,,,,250,2/3,75.71428571428571,Point,"[-0.003884484371211, 51.54149403786308]"
221,Feature,940GZZLUSTM,Stanmore,0714,"[{'name': 'Jubilee', 'nightopened': 2016}]",30,,,,,246,5,4.285714285714286,Point,"[-0.30301638880663, 51.61939299683492]"
222,Feature,940GZZLUSUH,Sudbury Hill,0720,[{'name': 'Piccadilly'}],30,,,,,251,4,2.7142857142857144,Point,"[-0.336681952450185, 51.55698816549702]"
223,Feature,940GZZLUSUT,Sudbury Town,0721,[{'name': 'Piccadilly'}],-30,,,,,252,4,2.7142857142857144,Point,"[-0.315803488842938, 51.55084789679281]"
224,Feature,940GZZLUSVS,Seven Sisters,0698,"[{'name': 'Victoria', 'nightopened': 2016}]",30,,,,,224,3,23.714285714285715,Point,"[-0.07248, 51.5836]"
225,Feature,940GZZLUSWC,Swiss Cottage,0723,"[{'name': 'Jubilee', 'nightopened': 2016}]",30,,"Swiss
Cottage",,,254,2,6.5,Point,"[-0.174663288792777, 51.543335996785196]"
226,Feature,940GZZLUSWF,South Woodford,0712,"[{'name': 'Central', 'nightopened': 2016}]",30,,,,,238,4,6.714285714285714,Point,"[0.027390811304986, 51.59193159680956]"
227,Feature,940GZZLUSWK,Southwark,0784,"[{'name': 'Jubilee', 'nightopened': 2016}]",25,-20.0,,,,241,1,14.4,Point,"[-0.105149088784987, 51.50408009675959]"
228,Feature,940GZZLUSWN,South Wimbledon,0711,"[{'name': 'Northern', 'nightopened': 2016}]",25,20.0,,,,237,3/4,6.8,Point,"[-0.192138088858698, 51.415328596707454]"
229,Feature,940GZZLUTAW,Totteridge & Whetstone,0730,"[{'name': 'Northern', 'nightopened': 2016}]",30,,,,,261,4,,Point,"[-0.1791527887543, 51.63036539683885]"
230,Feature,940GZZLUTBC,Tooting Bec,0726,"[{'name': 'Northern', 'nightopened': 2016}]",30,,,,,257,3,7.857142857142857,Point,"[-0.159650488837145, 51.435598296719135]"
231,Feature,940GZZLUTBY,Tooting Broadway,0727,"[{'name': 'Northern', 'nightopened': 2016}, {'name': 'Crossrail 2', 'opened': 2030}]",30,,,,,258,3,19.0,Point,"[-0.168185288843982, 51.42774539671451]"
232,Feature,940GZZLUTCR,Tottenham Court Road,0728,"[{'name': 'Central', 'nightopened': 2016}, {'name': 'Northern', 'nightopened': 2016}]",1,-50.0,Tottenham Court Rd,,,259,1,24.428571428571427,Point,"[-0.130523703657051, 51.516467467189486]"
233,Feature,940GZZLUTFP,Tufnell Park,0733,"[{'name': 'Northern', 'nightopened': 2016}]",30,,"Tufnell
Park",,,264,2,4.0,Point,"[-0.138432888772931, 51.556807996792614]"
234,Feature,940GZZLUTHB,Theydon Bois,0725,[{'name': 'Central'}],30,,,,,256,6,0.8571428571428571,Point,"[0.103210311370094, 51.6717380968558]"
235,Feature,940GZZLUTMH,Tottenham Hale,0729,"[{'name': 'Victoria', 'nightopened': 2016}, {'name': 'National Rail'}, {'name': 'Crossrail 2', 'opened': 2030}]",25,-20.0,,,,260,3,23.714285714285715,Point,"[-0.05987, 51.58843]"
236,Feature,940GZZLUTMP,Temple,0724,"[{'name': 'District'}, {'name': 'Circle'}]",1,35.0,,,,255,1,6.4,Point,"[-0.113749988784941, 51.51106179676407]"
237,Feature,940GZZLUTNG,Turnham Green,0734,"[{'name': 'District'}, {'name': 'Piccadilly', 'nightopened': 2016}]",1,-55.0,"Turnham
Green",,,265,2/3,5.285714285714286,Point,"[-0.254530088845205, 51.49514349675738]"
238,Feature,940GZZLUTPN,Turnpike Lane,0735,"[{'name': 'Piccadilly', 'nightopened': 2016}]",30,,,,,266,3,13.571428571428571,Point,"[-0.10284648874406, 51.59034819681229]"
239,Feature,940GZZLUTWH,Tower Hill,0731,"[{'name': 'District'}, {'name': 'Circle'}]",1,35.0,,,,263,1,13.571428571428571,Point,"[-0.077750188772145, 51.50980999676242]"
240,Feature,940GZZLUUPB,Upminster Bridge,0737,[{'name': 'District'}],-30,,,,,268,6,1.4285714285714286,Point,"[0.234693811364312, 51.558334196781665]"
241,Feature,940GZZLUUPK,Upton Park,0739,"[{'name': 'District'}, {'name': 'Hammersmith & City'}]",30,,,,,270,3,16.142857142857142,Point,"[0.034414111281041, 51.5352241967748]"
242,Feature,940GZZLUUPM,Upminster,0736,[{'name': 'District'}],30,,,,,267,6,5.857142857142857,Point,"[0.253023811371168, 51.55901329678132]"
243,Feature,910GUPMNSTR,Upminster (Rail),7464,"[{'name': 'London Overground', 'opened': 2015}, {'name': 'National Rail'}]",30,,,,,UPM,6,,Point,"[0.253, 51.5595]"
244,Feature,940GZZLUUPY,Upney,0738,[{'name': 'District'}],25,20.0,,,,269,4,4.142857142857143,Point,"[0.099727711306271, 51.53826659677458]"
245,Feature,940GZZLUUXB,Uxbridge,0740,"[{'name': 'Metropolitan'}, {'name': 'Piccadilly'}]",-30,,,,,271,6,8.714285714285714,Point,"[-0.478411288907967, 51.546434196793065]"
246,Feature,940GZZLUVIC,Victoria,0741,"[{'name': 'District'}, {'name': 'Circle'}, {'name': 'Victoria', 'nightopened': 2016}, {'name': 'National Rail'}, {'name': 'Crossrail 2', 'opened': 2030}]",30,,,,,273,1,,Point,"[-0.143229488802768, 51.49635849675576]"
247,Feature,940GZZLUVXL,Vauxhall,0777,"[{'name': 'Victoria', 'nightopened': 2016}, {'name': 'National Rail'}]",30,,,,,272,1/2,,Point,"[-0.12307958880055, 51.484971696748396]"
248,Feature,940GZZLUWAF,Watford,0748,[{'name': 'Metropolitan'}],30,,,,,280,7,,Point,"[-0.417372688833715, 51.657372196860905]"
249,Feature,940GZZLUWBN,West Brompton,0755,"[{'name': 'District'}, {'name': 'London Overground', 'opened': 2007}, {'name': 'National Rail'}]",30,,,910GWBRMPTN,,284,2,5.571428571428571,Point,"[-0.195487737439094, 51.48702994650718]"
250,Feature,940GZZLUWCY,White City,0764,"[{'name': 'Central', 'nightopened': 2016}]",-30,,,,,295,2,9.571428571428571,Point,"[-0.22438578882598, 51.51207189676714]"
251,Feature,940GZZLUWFN,West Finchley,0756,"[{'name': 'Northern', 'nightopened': 2016}]",30,,,,,285,4,1.2857142857142858,Point,"[-0.188301288767383, 51.6094883968262]"
252,Feature,940GZZLUWHM,West Ham,0757,"[{'name': 'District'}, {'name': 'Hammersmith & City'}, {'name': 'Jubilee', 'nightopened': 2016}, {'name': 'National Rail'}]",30,,,,,286,2/3,8.142857142857142,Point,"[0.0044, 51.52834]"
253,Feature,940GZZLUWHP,West Hampstead,0758,"[{'name': 'Jubilee', 'nightopened': 2016}]",1,35.0,,,,287,2,,Point,"[-0.190799988797229, 51.54685659678774]"
254,Feature,910GWHMDSTD,West Hampstead,1421,"[{'name': 'London Overground', 'opened': 2007}]",-1,-35.0,,,,,2,,Point,"[-0.19203, 51.5473]"
255,Feature,940GZZLUWHW,West Harrow,0759,[{'name': 'Metropolitan'}],-30,,,,,288,5,1.5714285714285714,Point,"[-0.353765188844481, 51.5793907968112]"
256,Feature,940GZZLUWIG,Willesden Green,0765,"[{'name': 'Jubilee', 'nightopened': 2016}]",-25,20.0,,,,297,2/3,9.857142857142858,Point,"[-0.221854888807828, 51.549329396789936]"
257,Feature,940GZZLUWIM,Wimbledon,0767,"[{'name': 'District'}, {'name': 'Crossrail 2', 'opened': 2030}, {'name': 'National Rail'}]",-30,,,,,299,3,22.285714285714285,Point,"[-0.206164202902544, 51.4216358831057]"
258,Feature,940GZZLUWIP,Wimbledon Park,0768,[{'name': 'District'}],-30,,,,,300,3,2.4285714285714284,Point,"[-0.199631988852613, 51.43445889671925]"
259,Feature,940GZZLUWJN,Willesden Junction,0766,"[{'name': 'Bakerloo'}, {'name': 'London Overground', 'opened': 2007}]",-25,20.0,,910GWLSDJHL,910GWLSDNJL,298,2/3,8.714285714285714,Point,"[-0.243179588823788, 51.5322486967799]"
260,Feature,940GZZLUWKA,Warwick Avenue,0746,[{'name': 'Bakerloo'}],-30,,,,,278,2,4.4,Point,"[-0.184009788805566, 51.52330039677313]"
261,Feature,940GZZLUWKN,West Kensington,0760,[{'name': 'District'}],25,20.0,,,,290,2,4.428571428571429,Point,"[-0.205979842198908, 51.49069666178459]"
262,Feature,940GZZLUWLA,Wood Lane,0599,"[{'name': 'Circle', 'opened': 2009}, {'name': 'Hammersmith & City', 'opened': 2008}]",30,,,,,305,2,3.857142857142857,Point,"[-0.22371168882665, 51.510073896765896]"
263,Feature,940GZZLUWLO,Waterloo,0747,"[{'name': 'Bakerloo'}, {'name': 'Jubilee', 'nightopened': 2016}, {'name': 'Northern', 'nightopened': 2016}, {'name': 'Waterloo & City'}, {'name': 'National Rail'}]",30,,,,,279,1,,Point,"[-0.114356675883582, 51.50305709091854]"
264,Feature,940GZZLUWOF,Woodford,0769,"[{'name': 'Central', 'nightopened': 2016}]",30,,,,,302,4,6.714285714285714,Point,"[0.033859511314242, 51.60665479681835]"
265,Feature,940GZZLUWOG,Wood Green,0770,"[{'name': 'Piccadilly', 'nightopened': 2016}, {'name': 'Crossrail 2', 'opened': 2030}]",30,,,,,301,3,16.571428571428573,Point,"[-0.10975528874337, 51.59741889681681]"
266,Feature,940GZZLUWOP,Woodside Park,0771,"[{'name': 'Northern', 'nightopened': 2016}]",30,,,,,303,4,3.142857142857143,Point,"[-0.185619988762541, 51.617793296831245]"
267,Feature,940GZZLUWPL,Whitechapel,0763,"[{'name': 'District'}, {'name': 'Hammersmith & City'}, {'name': 'East London', 'closed': 2007}]",1,30.0,,,,,2,17.714285714285715,Point,"[-0.061, 51.5196]"
268,Feature,940GZZLUWRP,West Ruislip,0762,"[{'name': 'Central'}, {'name': 'National Rail'}]",-30,,,,,291,6,1.5714285714285714,Point,"[-0.437661788881495, 51.56963189680672]"
269,Feature,940GZZLUWRR,Warren Street,0745,"[{'name': 'Northern', 'nightopened': 2016}, {'name': 'Victoria', 'nightopened': 2016}]",-25,-20.0,,,,277,1,17.857142857142858,Point,"[-0.138099509950274, 51.524653488852564]"
270,Feature,940GZZLUWSD,Wanstead,0743,"[{'name': 'Central', 'nightopened': 2016}]",25,20.0,,,,275,4,2.7142857142857144,Point,"[0.02862101129784, 51.575665896799606]"
271,Feature,940GZZLUWSM,Westminster,0761,"[{'name': 'District'}, {'name': 'Circle'}, {'name': 'Jubilee', 'nightopened': 2016}]",30,,,,,294,1,15.857142857142858,Point,"[-0.125956372719967, 51.50087752524877]"
272,Feature,940GZZLUWSP,Westbourne Park,0754,"[{'name': 'Circle', 'opened': 2009}, {'name': 'Hammersmith & City'}]",-30,,,,,292,2,4.285714285714286,Point,"[-0.201508488813243, 51.52094869677208]"
273,Feature,940GZZLUWTA,West Acton,0753,"[{'name': 'Central', 'nightopened': 2016}]",25,-20.0,,,,283,3,2.0,Point,"[-0.280605088844486, 51.51819639677204]"
274,Feature,940GZZLUWWL,Walthamstow Central,0742,"[{'name': 'Victoria', 'nightopened': 2016}]",1,-45.0,,,,274,3,26.142857142857142,Point,"[-0.0201, 51.5839]"
275,Feature,940GZZLUWYC,Wembley Central,0751,"[{'name': 'Bakerloo'}, {'name': 'London Overground', 'opened': 2007}, {'name': 'National Rail'}]",30,,,910GWMBYDC,910GWMBY,281,4,8.285714285714286,Point,"[-0.295882588835057, 51.551395096792774]"
276,Feature,940GZZLUWYP,Wembley Park,0752,"[{'name': 'Jubilee', 'nightopened': 2016}, {'name': 'Metropolitan'}]",30,,,,,282,4,17.285714285714285,Point,"[-0.280039988823317, 51.56376829680006]"
277,Feature,940GZZLU960,Cassiobridge,,"[{'name': 'Metropolitan', 'opened': 9999}]",25,-20.0,,,,,M,,Point,"[-0.424368370339758, 51.65062642509474]"
278,Feature,940GZZLU961,Watford Vicarage Road,,"[{'name': 'Metropolitan', 'opened': 9999}]",-1,50.0,"Watford
",,,,M,,Point,"[-0.408661354344142, 51.646791968757654]"
279,Feature,940GZZLU990,Nine Elms,,"[{'name': 'Northern', 'opened': 2020}]",-1,35.0,,,,,2,,Point,"[-0.128617275486981, 51.48015346456321]"
280,Feature,940GZZLU991,Battersea Power Station,,"[{'name': 'Northern', 'opened': 2020}]",-25,-20.0,,,,,2,,Point,"[-0.142993915812499, 51.47943182817867]"
281,Feature,940GZZDLABR,Abbey Road,0750,"[{'name': 'DLR', 'opened': 2011}]",25,-20.0,,,,,2/3,,Point,"[0.003530311268391, 51.53239359677397]"
282,Feature,940GZZDLALL,All Saints,0850,[{'name': 'DLR'}],25,-20.0,,,,0,2,1.8571428571428572,Point,"[-0.013071288747848, 51.51071599676127]"
283,Feature,940GZZDLBEC,Beckton,0895,[{'name': 'DLR'}],-30,,,,,,3,2.4285714285714284,Point,"[0.061052711280941, 51.51427849676127]"
284,Feature,940GZZDLBLA,Blackwall,0882,[{'name': 'DLR'}],30,,,,,,2,1.1428571428571428,Point,"[-0.007226188746996, 51.507944996759434]"
285,Feature,940GZZDLBNK,Bank (DLR),DBNK,[{'name': 'DLR'}],30,,Bank,,,,1,,Point,"[-0.087, 51.5123]"
286,Feature,940GZZDLBOW,Bow Church,0851,[{'name': 'DLR'}],-25,-20.0,,,,,2,2.2857142857142856,Point,"[-0.020910788742779, 51.52772929677183]"
287,Feature,940GZZDLBPK,Beckton Park,0891,[{'name': 'DLR'}],1,-35.0,,,,,3,0.7142857142857143,Point,"[0.054975711276119, 51.50872579675808]"
288,Feature,940GZZDLCGT,Canning Town (DLR),DCGT,[{'name': 'DLR'}],25,-20.0,Canning Town,,,,2/3,,Point,"[0.008, 51.5135]"
289,Feature,940GZZDLCLA,Crossharbour,0854,[{'name': 'DLR'}],30,,,,,,2,3.0,Point,"[-0.014468088755321, 51.49583639675227]"
290,Feature,940GZZDLCUS,Custom House,0887,[{'name': 'DLR'}],1,-45.0,"Custom
House",,,,3,,Point,"[0.02637, 51.5097]"
291,Feature,940GZZDLCUT,Cutty Sark,0879,[{'name': 'DLR'}],30,,,,,,2/3,3.7142857142857144,Point,"[-0.010720788760546, 51.48174139674361]"
292,Feature,940GZZDLCYP,Cyprus,0893,[{'name': 'DLR'}],1,35.0,,,,,3,1.5714285714285714,Point,"[0.063971211279256, 51.508432396757634]"
293,Feature,940GZZDLDEP,Deptford Bridge,0897,[{'name': 'DLR'}],30,,,,,,2/3,2.142857142857143,Point,"[-0.022393988768403, 51.4741099967393]"
294,Feature,940GZZDLDEV,Devons Road,0867,[{'name': 'DLR'}],25,20.0,,,,,2,2.2857142857142856,Point,"[-0.01750108874398, 51.52247469676852]"
295,Feature,940GZZDLEIN,East India,0883,[{'name': 'DLR'}],30,,,,,,2/3,2.5714285714285716,Point,"[-0.002258988744497, 51.50938559676015]"
296,Feature,940GZZDLELV,Elverson Road,0898,[{'name': 'DLR'}],30,,,,,,2/3,0.7142857142857143,Point,"[-0.016786388768695, 51.4690956967361]"
297,Feature,940GZZDLGAL,Gallions Reach,0894,[{'name': 'DLR'}],30,,,,,,3,1.0,Point,"[0.071771211282341, 51.50896429675772]"
298,Feature,940GZZDLGRE,Greenwich,0928,"[{'name': 'DLR'}, {'name': 'National Rail'}]",30,,,,,,2/3,3.142857142857143,Point,"[-0.015487288764028, 51.4780421967415]"
299,Feature,940GZZDLHEQ,Heron Quays,0855,[{'name': 'DLR'}],-30,,,,,,2,3.4285714285714284,Point,"[-0.021437188754409, 51.503261596756964]"
300,Feature,940GZZDLISL,Island Gardens,0856,[{'name': 'DLR'}],30,,,,,,2,1.7142857142857142,Point,"[-0.010293788757498, 51.48791609674734]"
301,Feature,940GZZDLKGV,King George V,0523,"[{'name': 'DLR', 'opened': 2005}]",25,20.0,,,,,3,2.142857142857143,Point,"[0.062157952706417, 51.50195162689735]"
302,Feature,940GZZDLLCA,London City Airport,0533,"[{'name': 'DLR', 'opened': 2005}]",30,,,,,,3,2.142857142857143,Point,"[0.04801181127121, 51.503675596755244]"
303,Feature,940GZZDLLDP,Langdon Park,0853,"[{'name': 'DLR', 'opened': 2007}]",25,-20.0,,,,,2,2.4285714285714284,Point,"[-0.014112888746161, 51.51513999676399]"
304,Feature,940GZZDLLEW,Lewisham,0940,"[{'name': 'DLR'}, {'name': 'National Rail'}]",30,,,,,,2/3,,Point,"[-0.012909888769327, 51.464714096733346]"
305,Feature,940GZZDLLIM,Limehouse,0862,"[{'name': 'DLR'}, {'name': 'National Rail'}]",30,,,,,,2,,Point,"[-0.039687188756875, 51.512372196762975]"
306,Feature,940GZZDLMUD,Mudchute,0857,[{'name': 'DLR'}],30,,,,,,2,1.2857142857142858,Point,"[-0.014953588757438, 51.49169769674977]"
307,Feature,940GZZDLPDK,Pontoon Dock,0538,"[{'name': 'DLR', 'opened': 2005}]",25,20.0,,,,,3,,Point,"[0.03270381126494, 51.5022143967548]"
308,Feature,940GZZDLPOP,Poplar,0858,[{'name': 'DLR'}],30,,,,,,2,1.4285714285714286,Point,"[-0.017477988750811, 51.50783969675963]"
309,Feature,940GZZDLPRE,Prince Regent,0888,[{'name': 'DLR'}],1,-45.0,"Prince
Regent",,,,3,1.7142857142857142,Point,"[0.033622611268687, 51.509486596759196]"
310,Feature,940GZZDLPUD,Pudding Mill Lane,0859,[{'name': 'DLR'}],-30,,,,,,2/3,0.7142857142857143,Point,"[-0.013515247304248, 51.533844325066234]"
311,Feature,940GZZDLRAL,Royal Albert,0890,[{'name': 'DLR'}],1,35.0,,,,,3,1.2857142857142858,Point,"[0.045657511272545, 51.508343896758134]"
312,Feature,940GZZDLRVC,Royal Victoria,0886,[{'name': 'DLR'}],1,-40.0,"Royal
Victoria",,,,3,2.142857142857143,Point,"[0.017929848695488, 51.50916837427994]"
313,Feature,940GZZDLSHA,Shadwell,0860,[{'name': 'DLR'}],15,30.0,,,,225,2,,Point,"[-0.0562, 51.51175]"
314,Feature,940GZZDLSHS,Stratford High Street,0749,"[{'name': 'DLR', 'opened': 2011}]",30,,,,,,2/3,0.7142857142857143,Point,"[-0.000337888730548, 51.537698696777326]"
315,Feature,940GZZDLSIT,Stratford International,0504,"[{'name': 'DLR', 'opened': 2011}, {'name': 'National Rail'}]",-25,-20.0,"Stratford
International",,,,2/3,2.5714285714285716,Point,"[-0.008861088729918, 51.545762996782464]"
316,Feature,940GZZDLSOQ,South Quay,0861,[{'name': 'DLR'}],30,,,,,,2,4.142857142857143,Point,"[-0.016193388754003, 51.50001019675486]"
317,Feature,940GZZDLSTD,Stratford (DLR 1),0863,[{'name': 'DLR'}],30,,Stratford,,,,2/3,,Point,"[-0.004857308924332, 51.54032861204653]"
318,Feature,940GZZDLSTL,Star Lane,0889,"[{'name': 'DLR', 'opened': 2011}]",30,,,,,,2/3,,Point,"[0.004174911263093, 51.52055939676674]"
319,Feature,940GZZDLTWG,Tower Gateway,0864,[{'name': 'DLR'}],25,20.0,,,,,1,2.7142857142857144,Point,"[-0.07441368877053, 51.510623296762816]"
320,Feature,940GZZDLWFE,Westferry,0865,[{'name': 'DLR'}],-30,,,,,,2,3.2857142857142856,Point,"[-0.026735688753466, 51.50945149676087]"
321,Feature,940GZZDLWHM,West Ham (DLR),DWHM,"[{'name': 'DLR', 'opened': 2011}]",30,,,,,,2/3,,Point,"[0.005, 51.528]"
322,Feature,940GZZDLWIQ,West India Quay,0866,[{'name': 'DLR'}],-30,,,,,,2,0.2857142857142857,Point,"[-0.020404088752326, 51.50690409675916]"
323,Feature,940GZZDLWLA,Woolwich Arsenal,0573,"[{'name': 'DLR', 'opened': 2009}, {'name': 'National Rail'}]",-25,20.0,,,,,4,,Point,"[0.069384611272697, 51.490297196746496]"
324,Feature,940GZZDLWSV,West Silvertown,0559,"[{'name': 'DLR', 'opened': 2005}]",1,45.0,"West
Silvertown",,,,3,,Point,"[0.02212531126141, 51.50292869675556]"
325,Feature,940GZZCRADD,Addiscombe,9440,[{'name': 'Tramlink'}],30,,,,,,T,,Point,"[-0.073266988831205, 51.37993649668357]"
326,Feature,940GZZCRADV,Addington Village,9441,[{'name': 'Tramlink'}],30,,,,,,T,,Point,"[-0.032495188827444, 51.35620749666833]"
327,Feature,940GZZCRAMP,Ampere Way,9442,[{'name': 'Tramlink'}],30,,,,,,T,,Point,"[-0.123687088848636, 51.3823590966861]"
328,Feature,940GZZCRARA,Arena,9443,[{'name': 'Tramlink'}],30,,,,,,T,,Point,"[-0.058252888820225, 51.391605396690274]"
329,Feature,940GZZCRAVE,Avenue Road,9444,[{'name': 'Tramlink'}],30,,,,,,T,,Point,"[-0.048999588809592, 51.407044996699376]"
330,Feature,940GZZCRBED,Beddington Lane,9449,[{'name': 'Tramlink'}],30,,,,,,T,,Point,"[-0.14284628885241, 51.38945229669079]"
331,Feature,940GZZCRBEK,Beckenham Junction,9445,[{'name': 'Tramlink'}],30,,,,,,4/T,2.142857142857143,Point,"[-0.026158688799508, 51.410718396701036]"
332,Feature,940GZZCRBGV,Belgrave Walk,9450,[{'name': 'Tramlink'}],30,,,,,,T,,Point,"[-0.178356888860234, 51.40097589669847]"
333,Feature,940GZZCRBIR,Birkbeck,9454,[{'name': 'Tramlink'}],30,,,,,,4/T,0.0,Point,"[-0.055801588813631, 51.40374789669755]"
334,Feature,940GZZCRBLA,Blackhorse Lane,9459,[{'name': 'Tramlink'}],30,,,,,,T,,Point,"[-0.070462388827887, 51.38482009668646]"
335,Feature,940GZZCRBRD,Beckenham Road,9446,[{'name': 'Tramlink'}],30,,,,,,T,,Point,"[-0.043156888806235, 51.40963659670081]"
336,Feature,940GZZCRCEN,George Street,9473,[{'name': 'Tramlink'}],1,45.0,"George
Street",,,,T,,Point,"[-0.098710088843369, 51.37393119668049]"
337,Feature,940GZZCRCHR,Church Street,9460,[{'name': 'Tramlink'}],1,45.0,"Church
Street",,,,T,,Point,"[-0.104029388845487, 51.3735905966804]"
338,Feature,940GZZCRCOO,Coombe Lane,9464,[{'name': 'Tramlink'}],-25,20.0,,,,,T,,Point,"[-0.060086488835836, 51.35978259667113]"
339,Feature,940GZZCRCTR,Centrale,9488,"[{'name': 'Tramlink', 'opened': 2005}]",-25,-20.0,,,,,T,,Point,"[-0.103774388844323, 51.37587609668177]"
340,Feature,940GZZCRDDR,Dundonald Road,9468,[{'name': 'Tramlink'}],-30,,,,,,T,,Point,"[-0.207617488863477, 51.41750749670907]"
341,Feature,940GZZCRECR,East Croydon,9470,[{'name': 'Tramlink'}],1,45.0,"East
Croydon",,,,5/T,20.857142857142858,Point,"[-0.092713188840752, 51.37480809668089]"
342,Feature,940GZZCRELM,Elmers End,9471,[{'name': 'Tramlink'}],30,,,,,,4/T,0.8571428571428571,Point,"[-0.049693288813972, 51.39824909669408]"
343,Feature,940GZZCRFLD,Fieldway,9472,[{'name': 'Tramlink'}],30,,,,,,T,,Point,"[-0.024214588826894, 51.350969796665005]"
344,Feature,940GZZCRGRA,Gravel Hill,9474,[{'name': 'Tramlink'}],-25,20.0,,,,,T,,Point,"[-0.042861488832011, 51.35452929666758]"
345,Feature,940GZZCRHAR,Harrington Road,9475,[{'name': 'Tramlink'}],25,-20.0,,,,,T,,Point,"[-0.060481088817264, 51.399662996695184]"
346,Feature,940GZZCRKGH,King Henry's Drive,9476,[{'name': 'Tramlink'}],30,,,,,,T,,Point,"[-0.020392588828079, 51.345507296661644]"
347,Feature,940GZZCRLEB,Lebanon Road,9477,[{'name': 'Tramlink'}],25,-20.0,,,,,T,,Point,"[-0.084500388837574, 51.37514879668091]"
348,Feature,940GZZCRLOY,Lloyd Park,9478,[{'name': 'Tramlink'}],-25,20.0,,,,,T,,Point,"[-0.080695488841328, 51.3641660966742]"
349,Feature,940GZZCRMCH,Mitcham,9480,[{'name': 'Tramlink'}],30,,,,,,T,,Point,"[-0.171137588859137, 51.39755579669625]"
350,Feature,940GZZCRMDN,Morden Road,9482,[{'name': 'Tramlink'}],30,,,,,,T,,Point,"[-0.192911988861987, 51.40888009670355]"
351,Feature,940GZZCRMJT,Mitcham Junction,9481,[{'name': 'Tramlink'}],30,,,,,,4/T,0.7142857142857143,Point,"[-0.157297388856284, 51.392641596693]"
352,Feature,940GZZCRMTP,Merton Park,9479,[{'name': 'Tramlink'}],-30,,,,,,T,,Point,"[-0.201386288862886, 51.41375709670668]"
353,Feature,940GZZCRNWA,New Addington,9484,[{'name': 'Tramlink'}],30,,,,,,T,,Point,"[-0.017338788828388, 51.34249559665974]"
354,Feature,940GZZCRPHI,Phipps Bridge,9485,[{'name': 'Tramlink'}],30,,,,,,T,,Point,"[-0.182106188860534, 51.40333149669996]"
355,Feature,940GZZCRRVC,Reeves Corner,9486,[{'name': 'Tramlink'}],-30,,,,,,T,,Point,"[-0.106320688845725, 51.37488659668123]"
356,Feature,940GZZCRSAN,Sandilands,9487,[{'name': 'Tramlink'}],30,,,,,,T,,Point,"[-0.077726988835188, 51.374931396680644]"
357,Feature,940GZZCRTPA,Therapia Lane,9491,[{'name': 'Tramlink'}],30,,,,,,T,,Point,"[-0.129091488849072, 51.38569739668822]"
358,Feature,940GZZCRWAD,Waddon Marsh,9497,[{'name': 'Tramlink'}],-30,,,,,,T,,Point,"[-0.117826688848977, 51.37700309668275]"
359,Feature,940GZZCRWAN,Wandle Park,9498,[{'name': 'Tramlink'}],-25,20.0,,,,,T,,Point,"[-0.113361688848976, 51.37348139668053]"
360,Feature,940GZZCRWCR,West Croydon (Tram),8776,[{'name': 'Tramlink'}],30,,,,,,T,,Point,"[-0.10163762652037, 51.37904471414589]"
361,Feature,940GZZCRWEL,Wellesley Road,9499,[{'name': 'Tramlink'}],25,-20.0,,,,,T,,Point,"[-0.097616588842174, 51.375624196681486]"
362,Feature,940GZZCRWMB,Wimbledon (Tram),8777,[{'name': 'Tramlink'}],30,,,,,,T,,Point,"[-0.20517052199889, 51.421505826173046]"
363,Feature,940GZZCRWOD,Woodside,8779,[{'name': 'Tramlink'}],30,,,,,,T,,Point,"[-0.065660288825133, 51.38693369668762]"
364,Feature,940GZZALGWP,Emirates Greenwich Peninsula,AGWP,"[{'name': 'Emirates Air Line', 'opened': 2012}]",1,55.0,"Emirates
Greenwich
Peninsula",,,,C,0.0,Point,"[0.008211399368548, 51.499686558561045]"
365,Feature,940GZZALRDK,Emirates Royal Docks,ARDK,"[{'name': 'Emirates Air Line', 'opened': 2012}]",25,20.0,,,,,C,0.0,Point,"[0.018085595852841, 51.50776656435016]"
366,Feature,910GABWD,Abbey Wood,5131,"[{'name': 'Crossrail', 'opened': 2018}, {'name': 'National Rail'}]",30,,,,,,4,5.428571428571429,Point,"[0.120405436239865, 51.49109337925192]"
367,Feature,910GACTNCTL,Acton Central,1404,"[{'name': 'London Overground', 'opened': 2007}]",30,,,,,,3,2.5714285714285716,Point,"[-0.262832588842098, 51.50870909676585]"
368,Feature,910GACTONML,Acton Main Line,3000,"[{'name': 'Crossrail', 'opened': 2018}]",1,45.0,,,,,3,0.2857142857142857,Point,"[-0.267155188839869, 51.51710769677108]"
369,Feature,910GANERLEY,Anerley,5397,"[{'name': 'London Overground', 'opened': 2010}, {'name': 'National Rail'}]",30,,,,,,4,1.4,Point,"[-0.06579798881331, 51.41226409670292]"
370,Feature,910GANGELRD,Angel Road,6909,"[{'name': 'National Rail', 'opened': 2030}, {'name': 'Crossrail 2', 'opened': 2030}]",30,,,,,AGR,4,,Point,"[-0.04906, 51.61267]"
371,Feature,910GBARKING,Barking (Rail),7492,"[{'name': 'London Overground', 'opened': 2007}, {'name': 'National Rail'}]",30,,Barking,,,,4,,Point,"[0.0809, 51.5392]"
372,Feature,910GBATRSPK,Battersea Park,5420,"[{'name': 'London Overground', 'opened': 2012}, {'name': 'National Rail'}]",-30,,,,,,2,2.7142857142857144,Point,"[-0.147444088812855, 51.478039996744684]"
373,Feature,910GBHILLPK,Bush Hill Park,6913,"[{'name': 'London Overground', 'opened': 2015}]",-30,,,,,,5,1.2857142857142858,Point,"[-0.069034388707848, 51.64120569684262]"
374,Feature,910GBLCHSRD,Blackhorse Road (Rail),7400,"[{'name': 'London Overground', 'opened': 2007}]",1,-45.0,Blackhorse Road,,,BHO,3,,Point,"[-0.041339070661268, 51.58663564266132]"
375,Feature,910GBNHAM,Burnham,3176,"[{'name': 'Crossrail', 'opened': 2019}, {'name': 'National Rail'}]",-1,40.0,,,,,X,,Point,"[-0.64635268898481, 51.52339969678144]"
376,Feature,910GBONDST,Bond Street (Rail),,"[{'name': 'Crossrail', 'opened': 2018}]",-1,45.0,Bond Street,,,,1,,Point,"[-0.148, 51.5134]"
377,Feature,910GBRBY,Brondesbury,1437,"[{'name': 'London Overground', 'opened': 2007}]",30,,,,,,2,4.571428571428571,Point,"[-0.202323488802381, 51.545122796786934]"
378,Feature,910GBRBYPK,Brondesbury Park,1438,"[{'name': 'London Overground', 'opened': 2007}]",-30,,,,,,2,1.2857142857142858,Point,"[-0.21014798880738, 51.54069629678439]"
379,Feature,910GBRIMSDN,Brimsdown,6810,"[{'name': 'National Rail', 'opened': 2030}, {'name': 'Crossrail 2', 'opened': 2030}]",30,,,,,BMD,5,1.4285714285714286,Point,"[-0.03086, 51.65556]"
380,Feature,910GBRLANDS,Berrylands,5581,"[{'name': 'National Rail', 'opened': 2030}, {'name': 'Crossrail 2', 'opened': 2030}]",30,20.0,,,,BRS,5,0.14285714285714285,Point,"[-0.28093, 51.399]"
381,Feature,910GBROCKLY,Brockley,5404,"[{'name': 'London Overground', 'opened': 2010}, {'name': 'National Rail'}]",30,,,,,,2,5.4,Point,"[-0.037468788778374, 51.464638196733944]"
382,Feature,910GBROXBRN,Broxbourne,6812,"[{'name': 'National Rail', 'opened': 2030}, {'name': 'Crossrail 2', 'opened': 2030}]",30,,,,,BXB,11,0.8571428571428571,Point,"[-0.010750977068147, 51.74689624377911]"
383,Feature,910GBRTWOOD,Brentwood,6872,"[{'name': 'TfL Rail', 'opened': 2015, 'closed': 2017}, {'name': 'Crossrail', 'opened': 2018}]",1,35.0,,,,BRE,9,4.2,Point,"[0.299833811413642, 51.61353539681216]"
384,Feature,910GBRUCGRV,Bruce Grove,6958,"[{'name': 'London Overground', 'opened': 2015}]",30,,,,,,3,1.7142857142857142,Point,"[-0.070081088730269, 51.59371069681349]"
385,Feature,910GBUSHEY,Bushey,1395,"[{'name': 'London Overground', 'opened': 2007}, {'name': 'National Rail'}]",30,,,,,BSH,8,1.2857142857142858,Point,"[-0.385197388826427, 51.64574929685299]"
386,Feature,910GCAMHTH,Cambridge Heath,6962,"[{'name': 'London Overground', 'opened': 2015}]",30,,"Cambridge
Heath",,,,2,1.0,Point,"[-0.057592688754134, 51.532434796775696]"
387,Feature,910GCNDAW,Canada Water (Rail),5150,"[{'name': 'London Overground', 'opened': 2010, 'nightopened': 2017}, {'name': 'East London', 'closed': 2007}]",30,,Canada Water,,,ZCW,2,,Point,"[-0.04995, 51.4975]"
388,Feature,910GCHDWLHT,Chadwell Heath,6874,"[{'name': 'TfL Rail', 'opened': 2015, 'closed': 2017}, {'name': 'Crossrail', 'opened': 2018}]",1,45.0,,,,,5,8.0,Point,"[0.129059911330856, 51.56793909679156]"
389,Feature,910GCHESHNT,Cheshunt,6814,"[{'name': 'London Overground', 'opened': 2015}, {'name': 'National Rail'}, {'name': 'Crossrail 2', 'opened': 2030}]",30,,,,,CHN,8,2.142857142857143,Point,"[-0.023974688662454, 51.70287049687923]"
390,Feature,910GCHINGFD,Chingford,6914,"[{'name': 'London Overground', 'opened': 2015}]",30,,,,,,5,2.4285714285714284,Point,"[0.010078511317856, 51.63322209683535]"
391,Feature,910GCHSSN,Chessington North,5582,"[{'name': 'National Rail', 'opened': 2030}, {'name': 'Crossrail 2', 'opened': 2030}]",-30,-20.0,,,,CSN,6,0.42857142857142855,Point,"[-0.30067, 51.36396]"
392,Feature,910GCHSSS,Chessington South,5554,"[{'name': 'National Rail', 'opened': 2030}, {'name': 'Crossrail 2', 'opened': 2030}]",-30,-20.0,,,,CSS,6,0.0,Point,"[-0.308259538149212, 51.35672661742655]"
393,Feature,910GCLAPTON,Clapton,6926,"[{'name': 'London Overground', 'opened': 2015}]",30,,,,,,2/3,2.142857142857143,Point,"[-0.056832088740239, 51.561662996793515]"
394,Feature,910GCLDNNRB,Caledonian Road & Barnsbury,1439,"[{'name': 'London Overground', 'opened': 2007}]",1,50.0,"Caledonian Road
& Barnsbury",,,,2,2.142857142857143,Point,"[-0.114988188770282, 51.54360709678396]"
395,Feature,910GCLPHHS,Clapham High Street,5301,"[{'name': 'London Overground', 'opened': 2012}, {'name': 'National Rail'}]",-30,,,,,,2,2.142857142857143,Point,"[-0.132391930431763, 51.46550780571503]"
396,Feature,910GCLPHMJ1,Clapham Junction,5595,"[{'name': 'London Overground', 'opened': 2007}, {'name': 'National Rail'}, {'name': 'Crossrail 2', 'opened': 2030}]",-30,,,,,,2,27.857142857142858,Point,"[-0.171967388828167, 51.46480029673714]"
397,Feature,910GCMDNRD,Camden Road,1440,"[{'name': 'London Overground', 'opened': 2007}]",25,-20.0,,,,,2,6.142857142857143,Point,"[-0.139464288780204, 51.54194919678354]"
398,Feature,910GCNNB,Canonbury,1441,"[{'name': 'London Overground', 'opened': 2007, 'nightopened': 2018}]",1,-35.0,,,,,2,3.0,Point,"[-0.092683288759605, 51.54867999678651]"
399,Feature,910GCROUCHH,Crouch Hill,7406,"[{'name': 'London Overground', 'opened': 2007}]",25,20.0,"Crouch
Hill",,,,3,1.0,Point,"[-0.11719538875827, 51.57127849680097]"
400,Feature,910GCRPNDPK,Carpenders Park,1442,"[{'name': 'London Overground', 'opened': 2007}]",30,,,,,CPK,7,1.7142857142857142,Point,"[-0.3856743888345, 51.62840699684222]"
401,Feature,910GCRYSTLP,Crystal Palace,5356,"[{'name': 'London Overground', 'opened': 2010}, {'name': 'National Rail'}]",-30,,,,,,3/4,3.5714285714285716,Point,"[-0.072204588813006, 51.417944996706495]"
402,Feature,910GCSEAH,Imperial Wharf,9586,"[{'name': 'London Overground', 'opened': 2009}, {'name': 'National Rail'}]",30,,,,,,2,3.0,Point,"[-0.183135288827482, 51.475287196743786]"
403,Feature,910GCUSTMHS,Custom House (Crossrail),6964,"[{'name': 'Crossrail', 'opened': 2018}]",1,-45.0,"Custom
House",,,,3,,Point,"[0.0267, 51.5099]"
404,Feature,910GDALS,Dalston Junction,1443,"[{'name': 'London Overground', 'opened': 2010, 'nightopened': 2017}, {'name': 'Crossrail 2', 'opened': 2030}]",20,45.0,"Dalston
Junction",,,,2,5.428571428571429,Point,"[-0.074907788754177, 51.5461353967845]"
405,Feature,910GDALSKLD,Dalston Kingsland,1429,"[{'name': 'London Overground', 'opened': 2007}]",1,-50.0,"Dalston
Kingsland",,,,2,8.0,Point,"[-0.075823488753569, 51.548172796785764]"
406,Feature,910GDENMRKH,Denmark Hill,5421,"[{'name': 'London Overground', 'opened': 2012}, {'name': 'National Rail'}]",25,20.0,,,,,2,7.714285714285714,Point,"[-0.089005688795736, 51.46816069673735]"
407,Feature,910GEALINGB,Ealing Broadway (Rail),3190,"[{'name': 'Crossrail', 'opened': 2018}, {'name': 'National Rail'}]",-1,-55.0,"Ealing
Broadway",,,EAL,3,,Point,"[-0.30154338885404, 51.51478499677034]"
408,Feature,910GEDMNGRN,Edmonton Green,6941,"[{'name': 'London Overground', 'opened': 2015}, {'name': 'National Rail'}]",30,,,,,,4,6.0,Point,"[-0.061243388712466, 51.62497219683241]"
409,Feature,910GEMRSPKH,Emerson Park,7473,"[{'name': 'London Overground', 'opened': 2015}]",30,,,,,,6,0.2,Point,"[0.220266911364005, 51.568586996788476]"
410,Feature,910GENFLDLK,Enfield Lock,6815,"[{'name': 'National Rail', 'opened': 2030}, {'name': 'Crossrail 2', 'opened': 2030}]",30,,,,,ENL,6,1.4285714285714286,Point,"[-0.0286, 51.67088]"
411,Feature,910GENFLDTN,Enfield Town,6959,"[{'name': 'London Overground', 'opened': 2015}]",-30,,,,,,5,3.2857142857142856,Point,"[-0.079386088706738, 51.6519705968495]"
412,Feature,910GEPSM,Epsom,5360,"[{'name': 'National Rail', 'opened': 2030}, {'name': 'Crossrail 2', 'opened': 2030}]",30,,,,,EPS,X,1.2857142857142858,Point,"[-0.268513190088267, 51.33461449339064]"
413,Feature,910GEUSTON,Euston (Rail),1444,"[{'name': 'London Overground', 'opened': 2007}, {'name': 'National Rail'}, {'name': 'Crossrail 2', 'opened': 2030}]",30,,,,,EUS,1,,Point,"[-0.1348, 51.529]"
414,Feature,910GEWELW,Ewell West,5586,"[{'name': 'National Rail'}, {'name': 'Crossrail 2', 'opened': 2030}]",30,,,,,EWW,6,0.8571428571428571,Point,"[-0.25707, 51.35023]"
415,Feature,910GFNCHLYR,Finchley Road & Frognal,1445,"[{'name': 'London Overground', 'opened': 2007}]",-1,-35.0,,,,,2,2.857142857142857,Point,"[-0.1839536887932, 51.54998999678951]"
416,Feature,910GFNTLSR,Farringdon (Rail),9509,"[{'name': 'Crossrail', 'opened': 2018}, {'name': 'National Rail'}]",-25,-20.0,Farringdon,,,ZFD,1,,Point,"[-0.1033, 51.5192]"
417,Feature,910GFORESTH,Forest Hill,5362,"[{'name': 'London Overground', 'opened': 2010}, {'name': 'National Rail'}]",30,,,,,,3,6.8,Point,"[-0.052834088795661, 51.439774896719264]"
418,Feature,910GFRSTGT,Forest Gate,6876,"[{'name': 'TfL Rail', 'opened': 2015, 'closed': 2017}, {'name': 'Crossrail', 'opened': 2018}]",20,25.0,ForestGate,,,,3,7.2,Point,"[0.024121670114462, 51.54954970448148]"
419,Feature,910GFULWELL,Fulwell,5587,"[{'name': 'National Rail', 'opened': 2030}, {'name': 'Crossrail 2', 'opened': 2030}]",-30,-20.0,,,,FLW,6,0.14285714285714285,Point,"[-0.34967, 51.43375]"
420,Feature,910GGIDEAPK,Gidea Park,6877,"[{'name': 'TfL Rail', 'opened': 2015, 'closed': 2017}, {'name': 'Crossrail', 'opened': 2018}]",25,35.0,,,,,6,4.8,Point,"[0.20528801136479, 51.58161569679698]"
421,Feature,910GGODMAYS,Goodmayes,6878,"[{'name': 'TfL Rail', 'opened': 2015, 'closed': 2017}, {'name': 'Crossrail', 'opened': 2018}]",-1,-30.0,,,,,4,6.0,Point,"[0.11099661132316, 51.565501496790716]"
422,Feature,910GGOSPLOK,Gospel Oak,1409,"[{'name': 'London Overground', 'opened': 2007}]",1,-45.0,"Gospel
Oak",,,,2,4.0,Point,"[-0.152152888778603, 51.555677396792255]"
423,Feature,910GHACKNYC,Hackney Central,6977,"[{'name': 'London Overground', 'opened': 2007}]",1,35.0,,,,,2,7.571428571428571,Point,"[-0.057317188747216, 51.547062796784594]"
424,Feature,910GHACKNYW,Hackney Wick,6978,"[{'name': 'London Overground', 'opened': 2007}]",-1,45.0,"Hackney
Wick",,,,2,2.7142857142857144,Point,"[-0.024834388736903, 51.543412996781505]"
425,Feature,910GHAGGERS,Haggerston,1022,"[{'name': 'London Overground', 'opened': 2010, 'nightopened': 2017}]",30,,,,,,2,2.857142857142857,Point,"[-0.075537788757763, 51.53892929678013]"
426,Feature,910GHAKNYNM,Hackney Downs,6867,"[{'name': 'London Overground', 'opened': 2015}, {'name': 'National Rail'}]",30,,,,,,2,3.0,Point,"[-0.061151088747704, 51.54907209678591]"
427,Feature,910GHAMPTON,Hampton,5560,"[{'name': 'National Rail', 'opened': 2030}, {'name': 'Crossrail 2', 'opened': 2030}]",30,20.0,,,,HMP,6,0.7142857142857143,Point,"[-0.37215, 51.41591]"
428,Feature,910GHAMWICK,Hampton Wick,5589,"[{'name': 'National Rail', 'opened': 2030}, {'name': 'Crossrail 2', 'opened': 2030}]",-30,20.0,,,,HMW,6,0.5714285714285714,Point,"[-0.31234, 51.41455]"
429,Feature,910GHANWELL,Hanwell,3191,"[{'name': 'Crossrail', 'opened': 2018}, {'name': 'National Rail'}]",-1,-35.0,,,,HAN,4,0.6666666666666666,Point,"[-0.338595788869588, 51.51180859676921]"
430,Feature,910GHAYESAH,Hayes & Harlington,3186,"[{'name': 'Crossrail', 'opened': 2018}, {'name': 'National Rail'}]",1,55.0,"Hayes &
Harlington",,,HAY,5,2.7142857142857144,Point,"[-0.419623688904869, 51.502969896765194]"
431,Feature,910GHCRT,Hampton Court,5561,"[{'name': 'National Rail', 'opened': 2030}, {'name': 'Crossrail 2', 'opened': 2030}]",30,,,,,HMC,6,1.0,Point,"[-0.342598219807308, 51.4019791448366]"
432,Feature,910GHEDSTNL,Headstone Lane,1434,"[{'name': 'London Overground', 'opened': 2007}]",30,,,,,,5,0.7142857142857143,Point,"[-0.356631788835075, 51.60241749682551]"
433,Feature,910GHGHI,Highbury & Islington (Rail),6009,"[{'name': 'London Overground', 'opened': 2007, 'nightopened': 2018}, {'name': 'National Rail'}]",30,20.0,"Highbury &
Islington",,,HHY,2,,Point,"[-0.105, 51.54597]"
434,Feature,910GHGHMSPK,Highams Park,6919,"[{'name': 'London Overground', 'opened': 2015}]",30,,,,,,4,3.5714285714285716,Point,"[-0.000197988697262, 51.60891779682079]"
435,Feature,910GHMPSTDH,Hampstead Heath,1413,"[{'name': 'London Overground', 'opened': 2007}]",1,-55.0,"Hampstead
Heath",,,,2,5.285714285714286,Point,"[-0.165335188783757, 51.555245996792294]"
436,Feature,910GHOMRTON,Homerton,6979,"[{'name': 'London Overground', 'opened': 2007}]",25,-20.0,,,,,2,6.285714285714286,Point,"[-0.042503688741728, 51.547069996784195]"
437,Feature,910GHONROPK,Honor Oak Park,5418,"[{'name': 'London Overground', 'opened': 2010}, {'name': 'National Rail'}]",30,,,,,,3,3.8,Point,"[-0.045361288788121, 51.450013196725266]"
438,Feature,910GHOXTON,Hoxton,1023,"[{'name': 'London Overground', 'opened': 2010, 'nightopened': 2017}]",30,,,,,,1/2,3.2857142857142856,Point,"[-0.075625088761269, 51.531469996775556]"
439,Feature,910GHRGYGL,Harringay Green Lanes,7401,"[{'name': 'London Overground', 'opened': 2007}]",-30,-30.0,"Harringay
Green Lanes",,,,3,1.7142857142857142,Point,"[-0.097820988748259, 51.57724229680412]"
440,Feature,910GHRLDWOD,Harold Wood,6879,"[{'name': 'TfL Rail', 'opened': 2015, 'closed': 2017}, {'name': 'Crossrail', 'opened': 2018}]",25,35.0,,,,,6,5.8,Point,"[0.233006111379948, 51.59268119680253]"
441,Feature,910GHTCHEND,Hatch End,1398,"[{'name': 'London Overground', 'opened': 2007}]",30,,,,,,6,0.8571428571428571,Point,"[-0.368613288836501, 51.60946399683011]"
442,Feature,910GILFORD,Ilford,6881,"[{'name': 'TfL Rail', 'opened': 2015, 'closed': 2017}, {'name': 'Crossrail', 'opened': 2018}]",1,30.0,,,,,4,13.4,Point,"[0.069917111305178, 51.55904859678818]"
443,Feature,910GIVER,Iver,3170,"[{'name': 'Crossrail', 'opened': 2019}, {'name': 'National Rail'}]",1,40.0,,,,,X,0.0,Point,"[-0.506544488936156, 51.50864339677012]"
444,Feature,910GKENR,Kensal Rise,1448,"[{'name': 'London Overground', 'opened': 2007}]",-25,-20.0,,,,,2,3.857142857142857,Point,"[-0.220225588814095, 51.53440809678075]"
445,Feature,910GKGSTON,Kingston,5565,"[{'name': 'National Rail', 'opened': 2030}, {'name': 'Crossrail 2', 'opened': 2030}]",1,-35.0,,,,KNG,6,3.5714285714285716,Point,"[-0.30182, 51.41287]"
446,Feature,910GKLBRNHR,Kilburn High Road,1415,"[{'name': 'London Overground', 'opened': 2007}]",30,,,,,,2,1.1428571428571428,Point,"[-0.191495088801738, 51.537665796782115]"
447,Feature,910GKMPTNPK,Kempton Park,5678,"[{'name': 'National Rail', 'opened': 2030}, {'name': 'Crossrail 2', 'opened': 2030}]",-1,-50.0,,,,KMP,X,,Point,"[-0.40948, 51.42099]"
448,Feature,910GKNTSHTW,Kentish Town West,1449,"[{'name': 'London Overground', 'opened': 2007}]",30,,,,,,2,2.2857142857142856,Point,"[-0.146750388780558, 51.54707549678687]"
449,Feature,910GLANGLEY,Langley,3171,"[{'name': 'Crossrail', 'opened': 2019}, {'name': 'National Rail'}]",1,40.0,,,,,X,,Point,"[-0.541210388950089, 51.50794669677024]"
450,Feature,910GLEYTNMR,Leyton Midland Road,7402,"[{'name': 'London Overground', 'opened': 2007}]",-30,,,,,,3,2.2857142857142856,Point,"[-0.007268088718236, 51.56953219679692]"
451,Feature,910GLIVST,Liverpool Street (Rail),6965,"[{'name': 'London Overground', 'opened': 2015}, {'name': 'TfL Rail', 'opened': 2015, 'closed': 2017}, {'name': 'Crossrail', 'opened': 2018}, {'name': 'National Rail'}]",1,45.0,Liverpool Street,,,LST,1,,Point,"[-0.0807, 51.5181]"
452,Feature,910GLIVSTLL,Liverpool Street (Crossrail),,"[{'name': 'Crossrail', 'opened': 2018}]",-1,-45.0,Liverpool Street,,,,1,,Point,"[-0.0842, 51.5181]"
453,Feature,910GLONFLDS,London Fields,6966,"[{'name': 'London Overground', 'opened': 2015}]",30,,"London
Fields",,,,2,1.1428571428571428,Point,"[-0.057854888750166, 51.54115719678102]"
454,Feature,910GLYTNSHR,Leytonstone High Road,7403,"[{'name': 'London Overground', 'opened': 2007}]",30,,,,,,3,1.5714285714285714,Point,"[0.007712211284655, 51.56390009679304]"
455,Feature,910GMALDENM,Malden Manor,5599,"[{'name': 'National Rail', 'opened': 2030}, {'name': 'Crossrail 2', 'opened': 2030}]",-30,-20.0,,,,MAL,4,0.2857142857142857,Point,"[-0.2612451, 51.3847246]"
456,Feature,910GMANRPK,Manor Park,6883,"[{'name': 'TfL Rail', 'opened': 2015, 'closed': 2017}, {'name': 'Crossrail', 'opened': 2018}]",-1,-45.0,Manor Park,,,,3/4,5.0,Point,"[0.045781611293266, 51.55244829678492]"
457,Feature,910GMDNHEAD,Maidenhead,3147,"[{'name': 'Crossrail', 'opened': 2019}, {'name': 'National Rail'}]",1,40.0,,,,,X,0.0,Point,"[-0.722757502466049, 51.518319481792055]"
458,Feature,910GMOTSPRP,Motspur Park,5645,"[{'name': 'National Rail', 'opened': 2030}, {'name': 'Crossrail 2', 'opened': 2030}]",30,,,,,MOT,4,0.8571428571428571,Point,"[-0.23962, 51.39485]"
459,Feature,910GMRYLAND,Maryland,6970,"[{'name': 'TfL Rail', 'opened': 2015, 'closed': 2017}, {'name': 'Crossrail', 'opened': 2018}]",-1,-30.0,,,,,3,2.6,Point,"[0.006227611275838, 51.546198796782306]"
460,Feature,910GNEWMLDN,New Malden,5567,"[{'name': 'National Rail', 'opened': 2030}, {'name': 'Crossrail 2', 'opened': 2030}]",1,45.0,,,,NEM,4,2.5714285714285716,Point,"[-0.25576, 51.40394]"
461,Feature,910GNEWSGAT,New Southgate,6019,"[{'name': 'National Rail', 'opened': 2030}, {'name': 'Crossrail 2', 'opened': 2030}]",30,,,,,NSG,4,0.6666666666666666,Point,"[-0.143084299183598, 51.61407252211044]"
462,Feature,910GNEWXGTE,New Cross Gate,5345,"[{'name': 'London Overground', 'opened': 2010, 'nightopened': 2017}, {'name': 'East London', 'closed': 2007}, {'name': 'National Rail'}]",-25,-20.0,,910GNEWXGEL,,175,2,6.0,Point,"[-0.040266988774352, 51.47543279674057]"
463,Feature,910GNMBRLPK,Northumberland Park,6971,"[{'name': 'National Rail', 'opened': 2030}, {'name': 'Crossrail 2', 'opened': 2030}]",30,,,,,NUM,3,,Point,"[-0.05379, 51.60233]"
464,Feature,910GNORWDJ,Norwood Junction,5376,"[{'name': 'London Overground', 'opened': 2010}, {'name': 'National Rail'}]",-30,,,,,,4,,Point,"[-0.074624788823633, 51.39715339669399]"
465,Feature,910GNRBITON,Norbiton,5568,"[{'name': 'National Rail', 'opened': 2030}, {'name': 'Crossrail 2', 'opened': 2030}]",30,-20.0,,,,NBT,5,2.142857142857143,Point,"[-0.284115, 51.4122896]"
466,Feature,910GNWCRELL,New Cross,5150,"[{'name': 'London Overground', 'opened': 2010}, {'name': 'East London', 'closed': 2007}, {'name': 'National Rail'}]",1,-35.0,,,,NWX,2,3.4285714285714284,Point,"[-0.032341188770877, 51.47663109674108]"
467,Feature,910GPADTLL,Paddington (Crossrail),,"[{'name': 'Crossrail', 'opened': 2018}]",-25,20.0,Paddington,,,,1,,Point,"[-0.1777, 51.5162]"
468,Feature,910GPADTON,Paddington (Rail),308700,"[{'name': 'Crossrail', 'opened': 2018, 'closed': 2018}, {'name': 'National Rail'}]",-25,20.0,Paddington,,,PAD,1,,Point,"[-0.1777, 51.517]"
469,Feature,910GPCKHMQD,Queens Road Peckham,5424,"[{'name': 'London Overground', 'opened': 2012}, {'name': 'National Rail'}]",-30,,,,,,2,,Point,"[-0.056991888781153, 51.47406129674014]"
470,Feature,910GPCKHMRY,Peckham Rye,5423,"[{'name': 'London Overground', 'opened': 2012}, {'name': 'National Rail'}]",25,20.0,,,,,2,6.857142857142857,Point,"[-0.07038638878825, 51.469449496737674]"
471,Feature,910GPENEW,Penge West,5378,"[{'name': 'London Overground', 'opened': 2010}, {'name': 'National Rail'}]",30,,,,,,4,1.0,Point,"[-0.060636388808971, 51.41747759670595]"
472,Feature,910GPNDRSEN,Ponders End,6819,"[{'name': 'National Rail', 'opened': 2030}, {'name': 'Crossrail 2', 'opened': 2030}]",30,,,,,PON,5,0.8571428571428571,Point,"[-0.03478, 51.64291]"
473,Feature,910GRAYNSPK,Raynes Park,5569,"[{'name': 'National Rail', 'opened': 2030}, {'name': 'Crossrail 2', 'opened': 2030}]",30,20.0,,,,RAY,4,3.857142857142857,Point,"[-0.23053, 51.40898]"
474,Feature,910GRCTRYRD,Rectory Road,6967,"[{'name': 'London Overground', 'opened': 2015}]",-30,,"Rectory
Road",,,,2,0.8571428571428571,Point,"[-0.068444588745959, 51.55863849679196]"
475,Feature,910GRDNGSTN,Reading,3149,"[{'name': 'Crossrail', 'opened': 2019}, {'name': 'National Rail'}]",-30,,,,,RDG,X,0.0,Point,"[-0.972913789146386, 51.45924089674594]"
476,Feature,910GROMFORD,Romford,6886,"[{'name': 'London Overground', 'opened': 2015}, {'name': 'TfL Rail', 'opened': 2015, 'closed': 2017}, {'name': 'Crossrail', 'opened': 2018}, {'name': 'National Rail'}]",-20,-25.0,,,,,6,16.8,Point,"[0.183417211353764, 51.574910396793776]"
477,Feature,910GRTHERHI,Rotherhithe,1039,"[{'name': 'London Overground', 'opened': 2010, 'nightopened': 2017}, {'name': 'East London', 'closed': 2007}]",30,,,,,216,2,2.142857142857143,Point,"[-0.05212158876676, 51.50102909675642]"
478,Feature,910GSACTON,South Acton,1452,"[{'name': 'London Overground', 'opened': 2007}]",30,,"South
Acton",,,,3,1.0,Point,"[-0.270096588849068, 51.4995730967604]"
479,Feature,910GSBURY,Southbury,6947,"[{'name': 'London Overground', 'opened': 2015}]",30,,,,,,5,1.5714285714285714,Point,"[-0.052530888698232, 51.64865679684671]"
480,Feature,910GSEVNSIS,Seven Sisters (Rail),6931,"[{'name': 'London Overground', 'opened': 2015}, {'name': 'Crossrail 2', 'opened': 2030}]",-30,,Seven Sisters,,,,3,,Point,"[-0.07508, 51.5832]"
481,Feature,910GSHADWEL,Shadwell (Rail),1082,"[{'name': 'London Overground', 'opened': 2010, 'nightopened': 2017}, {'name': 'East London', 'closed': 2007}]",30,,Shadwell,,,SDE,2,,Point,"[-0.05687, 51.5113]"
482,Feature,910GSHENFLD,Shenfield,6888,"[{'name': 'TfL Rail', 'opened': 2015, 'closed': 2017}, {'name': 'Crossrail', 'opened': 2018}, {'name': 'National Rail'}]",30,,,,,SNF,12,2.6,Point,"[0.330607211432899, 51.63113999682131]"
483,Feature,910GSHEPRTN,Shepperton,5605,"[{'name': 'National Rail', 'opened': 2030}, {'name': 'Crossrail 2', 'opened': 2030}]",-30,,,,,SHP,X,,Point,"[-0.447120686136675, 51.39689438503694]"
484,Feature,910GSHMPSTD,South Hampstead,1451,"[{'name': 'London Overground', 'opened': 2007}]",-25,-20.0,,,,,2,0.7142857142857143,Point,"[-0.178824488795266, 51.541341496784085]"
485,Feature,910GSHRDHST,Shoreditch High Street,1024,"[{'name': 'London Overground', 'opened': 2010, 'nightopened': 2017}]",25,30.0,"Shoreditch
High St",,,,1,5.428571428571429,Point,"[-0.076071088765243, 51.52328889677059]"
486,Feature,910GSIVRST,Silver Street,6972,"[{'name': 'London Overground', 'opened': 2015}]",30,,,,,,4,2.7142857142857144,Point,"[-0.067203988719379, 51.61486059682638]"
487,Feature,910GSLOUGH,Slough,3172,"[{'name': 'Crossrail', 'opened': 2019}, {'name': 'National Rail'}]",-1,40.0,,,,,X,0.0,Point,"[-0.592388088968309, 51.51236729677377]"
488,Feature,910GSTFD,Stratford (Rail),6969,"[{'name': 'London Overground', 'opened': 2007}, {'name': 'TfL Rail', 'opened': 2015, 'closed': 2017}, {'name': 'Crossrail', 'opened': 2018}, {'name': 'National Rail'}]",20,25.0,Stratford,,,SRA,2/3,,Point,"[-0.003910894500122, 51.54236973531719]"
489,Feature,910GSTFDLL,Stratford (DLR 2),6960,"[{'name': 'DLR', 'opened': 2011}]",30,,Stratford,,,,2/3,,Point,"[-0.002902212748366, 51.54087294858993]"
490,Feature,910GSTHALL,Southall,3187,"[{'name': 'Crossrail', 'opened': 2018}, {'name': 'National Rail'}]",1,35.0,,,,STL,4,4.285714285714286,Point,"[-0.377434088887095, 51.50619009676644]"
491,Feature,910GSTJMSST,St James Street,6973,"[{'name': 'London Overground', 'opened': 2015}]",-30,,,,,,3,1.8571428571428572,Point,"[-0.032809788722342, 51.58098069680466]"
492,Feature,910GSTKNWNG,Stoke Newington,6934,"[{'name': 'London Overground', 'opened': 2015}]",-30,,"Stoke
Newington",,,,2,1.5714285714285714,Point,"[-0.072714488744558, 51.56506419679603]"
493,Feature,910GSTLEIGH,Stoneleigh,5606,"[{'name': 'National Rail', 'opened': 2030}, {'name': 'Crossrail 2', 'opened': 2030}]",30,,,,,SNL,5,0.8571428571428571,Point,"[-0.2485, 51.36326]"
494,Feature,910GSTMFDHL,Stamford Hill,6968,"[{'name': 'London Overground', 'opened': 2015}]",30,,"Stamford
Hill",,,,3,0.7142857142857143,Point,"[-0.076681388741677, 51.57443769680185]"
495,Feature,910GSTOTNHM,South Tottenham,7404,"[{'name': 'London Overground', 'opened': 2007}]",25,20.0,,,,,3,2.2857142857142856,Point,"[-0.071680788736998, 51.580505896805434]"
496,Feature,910GSUNBURY,Sunbury,5608,"[{'name': 'National Rail', 'opened': 2030}, {'name': 'Crossrail 2', 'opened': 2030}]",1,40.0,,,,SUU,X,,Point,"[-0.41737, 51.41828]"
497,Feature,910GSURBITN,Surbiton,5571,"[{'name': 'National Rail', 'opened': 2030}, {'name': 'Crossrail 2', 'opened': 2030}]",30,20.0,,,,SUR,6,6.285714285714286,Point,"[-0.30398, 51.39242]"
498,Feature,910GSURREYQ,Surrey Quays,1083,"[{'name': 'London Overground', 'opened': 2010, 'nightopened': 2017}, {'name': 'East London', 'closed': 2007}]",30,,,,,253,2,6.0,Point,"[-0.047622488768717, 51.493282996751596]"
499,Feature,910GSVNKNGS,Seven Kings,6893,"[{'name': 'TfL Rail', 'opened': 2015, 'closed': 2017}, {'name': 'Crossrail', 'opened': 2018}]",1,45.0,,,,,4,6.8,Point,"[0.097101111317342, 51.563864796790206]"
500,Feature,910GSYDENHM,Sydenham,5437,"[{'name': 'London Overground', 'opened': 2010}, {'name': 'National Rail'}]",30,,,,,,3,,Point,"[-0.054359189496939, 51.42727754176605]"
501,Feature,910GTAPLOW,Taplow,3151,"[{'name': 'Crossrail', 'opened': 2019}, {'name': 'National Rail'}]",1,40.0,,,,,X,0.0,Point,"[-0.68168298899893, 51.523460996782035]"
502,Feature,910GTDITTON,Thames Ditton,5610,"[{'name': 'National Rail', 'opened': 2030}, {'name': 'Crossrail 2', 'opened': 2030}]",30,,,,,THD,6,0.8333333333333334,Point,"[-0.33915, 51.38906]"
503,Feature,910GTEDNGTN,Teddington,5572,"[{'name': 'National Rail', 'opened': 2030}, {'name': 'Crossrail 2', 'opened': 2030}]",30,-20.0,,,,TED,6,1.2857142857142858,Point,"[-0.33256, 51.42446]"
504,Feature,910GTHBLDSG,Theobalds Grove,6949,"[{'name': 'London Overground', 'opened': 2015}]",30,,,,,TEO,7,1.0,Point,"[-0.035651788671846, 51.692003596872894]"
505,Feature,910GTOLWTH,Tolworth,5573,"[{'name': 'National Rail', 'opened': 2030}, {'name': 'Crossrail 2', 'opened': 2030}]",-30,-20.0,,,,TOL,5,0.5714285714285714,Point,"[-0.27943, 51.37688]"
506,Feature,910GTOTCTRD,Tottenham Court Road (Rail),,"[{'name': 'Crossrail', 'opened': 2018}, {'name': 'Crossrail 2', 'opened': 2030}]",20,40.0,Tottenham Court Rd,,,-930,1,,Point,"[-0.1315, 51.5155]"
507,Feature,910GTURKYST,Turkey Street,6952,"[{'name': 'London Overground', 'opened': 2015}]",30,,,,,,6,1.5714285714285714,Point,"[-0.047226288685127, 51.672663196861315]"
508,Feature,910GTWYFORD,Twyford,3155,"[{'name': 'Crossrail', 'opened': 2019}, {'name': 'National Rail'}]",1,40.0,,,,,X,0.0,Point,"[-0.863738989094349, 51.47512109675445]"
509,Feature,910GUHALIFD,Upper Halliford,5613,"[{'name': 'National Rail', 'opened': 2030}, {'name': 'Crossrail 2', 'opened': 2030}]",-30,,,,,UPH,X,,Point,"[-0.43079, 51.41321]"
510,Feature,910GUPRHLWY,Upper Holloway,1524,"[{'name': 'London Overground', 'opened': 2007}]",25,20.0,"Upper
Holloway",,,,2,1.8571428571428572,Point,"[-0.129485388766418, 51.563625396796574]"
511,Feature,910GWALHAMX,Waltham Cross,6823,"[{'name': 'National Rail', 'opened': 2030}, {'name': 'Crossrail 2', 'opened': 2030}]",30,,,,,WLC,7,1.1428571428571428,Point,"[-0.02643, 51.68522]"
512,Feature,910GWAPPING,Wapping,1085,"[{'name': 'London Overground', 'opened': 2010, 'nightopened': 2017}, {'name': 'East London', 'closed': 2007}]",30,,,,,276,2,2.142857142857143,Point,"[-0.055899688766619, 51.50432209675851]"
513,Feature,910GWATFDHS,Watford High Street,1455,"[{'name': 'London Overground', 'opened': 2007}, {'name': 'Metropolitan', 'opened': 9999}]",30,,,,,WFH,8,1.8571428571428572,Point,"[-0.392159372343546, 51.65230546262061]"
514,Feature,910GWATFDJ,Watford Junction,1402,"[{'name': 'London Overground', 'opened': 2007}, {'name': 'National Rail'}, {'name': 'Metropolitan', 'opened': 9999}]",30,,,,,WFJ,10,4.0,Point,"[-0.395965788822582, 51.663458596864245]"
515,Feature,910GWCHAPEL,Whitechapel (Rail),5150,"[{'name': 'London Overground', 'opened': 2010}, {'name': 'Crossrail', 'opened': 2018}]",25,-25.0,Whitechapel,,,ZLW,2,,Point,"[-0.06128, 51.5205]"
516,Feature,910GWCROYDN,West Croydon,5411,"[{'name': 'London Overground', 'opened': 2010}, {'name': 'National Rail'}]",-30,,,,,WCY,5,7.142857142857143,Point,"[-0.1023, 51.3784239]"
517,Feature,910GWDGRNPK,Woodgrange Park,7467,"[{'name': 'London Overground', 'opened': 2007}]",30,,,,,,3/4,1.5714285714285714,Point,"[0.044549017253541, 51.54918351032264]"
518,Feature,910GWDRYTON,West Drayton,3174,"[{'name': 'Crossrail', 'opened': 2019}, {'name': 'National Rail'}]",1,55.0,"West
Drayton",,,,6,2.2857142857142856,Point,"[-0.471897288922074, 51.5098128967703]"
519,Feature,910GWDST,Wood Street,6954,"[{'name': 'London Overground', 'opened': 2015}]",30,,,,,,4,2.2857142857142856,Point,"[-0.002345788708442, 51.58663199680723]"
520,Feature,910GWEALING,West Ealing,3188,"[{'name': 'Crossrail', 'opened': 2018}, {'name': 'National Rail'}]",1,50.0,"West
Ealing",,,WEA,3,1.2857142857142858,Point,"[-0.320472588861861, 51.51351309676991]"
521,Feature,910GWHHRTLA,White Hart Lane,6956,"[{'name': 'London Overground', 'opened': 2015}]",30,,,,,,3,2.4285714285714284,Point,"[-0.070949188725593, 51.604479796820094]"
522,Feature,910GWLTWCEN,Walthamstow Central (Rail),6953,"[{'name': 'London Overground', 'opened': 2015}]",1,-45.0,Walthamstow Central,,,WHC,3,,Point,"[-0.020010059897524, 51.58293033276775]"
523,Feature,910GWLTHQRD,Walthamstow Queens Road,7407,"[{'name': 'London Overground', 'opened': 2007}]",25,20.0,,,,,3,1.5714285714285714,Point,"[-0.02369608871872, 51.581513596804726]"
524,Feature,910GWNDSWRD,Wandsworth Road,5372,"[{'name': 'London Overground', 'opened': 2012}, {'name': 'National Rail'}]",30,,,,,,2,0.8571428571428571,Point,"[-0.138179469161229, 51.46968303029571]"
525,Feature,910GWNSTDPK,Wanstead Park,7408,"[{'name': 'London Overground', 'opened': 2007}]",1,-45.0,,,,,3,2.0,Point,"[0.026333811285793, 51.55169999678506]"
526,Feature,910GWOLWXR,Woolwich,,"[{'name': 'Crossrail', 'opened': 2018}]",25,-20.0,,,,,4,,Point,"[0.070810011273918, 51.49178999674734]"
527,Feature,910GWRCSTRP,Worcester Park,5579,"[{'name': 'National Rail', 'opened': 2030}, {'name': 'Crossrail 2', 'opened': 2030}]",30,,,,,WCP,4,1.5714285714285714,Point,"[-0.24496, 51.38139]"
528,Feature,910G981,King's Road Chelsea,,"[{'name': 'Crossrail 2', 'opened': 2030}]",1,45.0,,,,,1,,Point,"[-0.16701, 51.48835]"
